"","DP","LoF","MSE","df","label","DP.1","LoF(DP)","MSE(D)","weighted_1","weighted_2","weighted_3","weighted_4","weighted_5","weighted_6","weighted_7","weighted_8","weighted_9","weighted_10","weighted_11"
"1",0.158991883809331,0.0778403854543454,0.0665439104539337,10,120,0.769507586904474,0.849381085381913,0.900446305521113,0.808458526688004,0.832406309261649,0.874541056961682,0.838026536014763,0.820345036183844,0.840850863375552,0.853213627131714,0.810888629934961,0.795260598909074,0.854494980098779,0.82187548367308
"2",0.158974558373294,0.0778222026528769,0.0666430136619117,10,117,0.769591449722609,0.849579539385013,0.899107273676879,0.808597025328425,0.831832477248353,0.873992644950813,0.837706586092197,0.820132468979612,0.840659177589914,0.852652019845303,0.810545364389288,0.795380313498702,0.853678647248182,0.822033357217415
"3",0.15915878601662,0.0778366891205398,0.0666188703892353,10,119,0.768700641099003,0.849421421064933,0.899433118170291,0.808053705477452,0.831501542129164,0.874069652481467,0.837432431006756,0.81969378564662,0.840413720457393,0.852519949307136,0.810017597142084,0.794717113385221,0.853555301764514,0.82161410637616
"4",0.15913538585636,0.07779843045355,0.0666452960627366,10,165,0.76881367515549,0.849839138120316,0.899076481958567,0.80831179075234,0.831397795486875,0.874111195747952,0.837500011641766,0.819773530249387,0.84056789490897,0.852487021106623,0.809989916280138,0.794925281107306,0.85337148086344,0.821923728679421
"5",0.15925729402795,0.0778304800017539,0.0666237103309646,10,163,0.768225164155076,0.849489185756896,0.899367778010464,0.80783597912946,0.831214147436071,0.874072766672259,0.837261720508294,0.819441696925582,0.840301986963663,0.852374125338498,0.809663933220781,0.794410490930012,0.853337947448715,0.821488357249738
"6",0.159152976725368,0.0777834276765583,0.0666511611160648,10,122,0.768728699675111,0.850003054104079,0.898997366584963,0.808345064005033,0.831315269092423,0.874157026642664,0.837498427633446,0.819749714487828,0.840607231501082,0.852467057329771,0.809906473131473,0.794917806700995,0.853289977982462,0.821999126190266
"7",0.159293485262825,0.0778097592753482,0.0666359136315634,10,118,0.76805062457923,0.84971540459071,0.899203073202714,0.807851748287078,0.8310436101655,0.874109091106856,0.837221502031661,0.819365628626808,0.840327648863408,0.852304390902643,0.809491871117458,0.794360660668418,0.853169138120592,0.821571962868018
"8",0.159409927615704,0.0777787045674549,0.0668107315675834,10,162,0.767489595393697,0.850054670509689,0.896850205308113,0.80771784376229,0.829652458081502,0.873138995675794,0.836398198617931,0.818611687256952,0.839791609205536,0.851118037647679,0.80839130761425,0.794079437766059,0.851472788880029,0.82159049095565
"9",0.159447579958987,0.0777593477277051,0.066824902635793,10,116,0.767308358514971,0.850266276863349,0.896660016846448,0.807722985435385,0.829466530772914,0.873155068780029,0.8363426207299,0.818522560809799,0.839802011728386,0.851030496355892,0.808206900678995,0.794020297190277,0.851285388796403,0.821662145803193
"10",0.159569223686791,0.0777512647815738,0.0668115550083694,10,164,0.766723419596624,0.850354669721426,0.896839151785442,0.807457020675881,0.829233128429557,0.873287673513003,0.836214697255421,0.818272638750356,0.839727493326127,0.850975363642307,0.807849894167973,0.793644211412524,0.851182362279414,0.82151023199472
"11",0.159593720875504,0.0777317086615767,0.066820380385793,10,121,0.766605729701325,0.850568606070536,0.896720700738665,0.807496604895489,0.829114724949477,0.873339840189305,0.836205208884402,0.818234272971721,0.839773157390038,0.850940022202491,0.807731659767623,0.793629538455008,0.851063863617548,0.821605970195007
"12",0.159613116642361,0.0775431561496477,0.0668960881752558,10,139,0.766512573785834,0.852636833045113,0.895705861995918,0.808428632225512,0.82859507941669,0.873906064466967,0.836532714860544,0.818449745996432,0.840530002076434,0.850949037774727,0.807361423206422,0.794207929550611,0.850387182120803,0.82290396391763
"13",0.159881647990922,0.0771620031056766,0.0669706594870247,10,133,0.765225167396709,0.856848557873872,0.894708500440876,0.809741984296642,0.827437890128998,0.875573919392452,0.837127533349455,0.818542118058247,0.842014823436756,0.851165692749695,0.806157721108379,0.794622491438758,0.849279792395717,0.825149159754431
"14",0.15981879329741,0.0775064748999736,0.0670257297973178,10,140,0.765526120697458,0.853040357842166,0.89397338163068,0.808099422062214,0.827260524167884,0.873267068752513,0.835766052260528,0.817623844732375,0.840051554111335,0.849952571050147,0.806148168931917,0.793651549993988,0.848925794563604,0.822810307548988
"15",0.166420009450377,0.0814865572388064,0.0657313502053536,9,123,0.735160761326576,0.811374947281142,0.911577476135461,0.772328313584653,0.81863055853291,0.860018096694533,0.816204840804895,0.795142476994271,0.814994678677335,0.83906918358706,0.789804143520555,0.759734900211938,0.848509085273574,0.785130476167563
"16",0.160080951303277,0.0771570304046634,0.0670233684653104,10,128,0.764272449978941,0.856903780990543,0.894004877629884,0.809263833427554,0.826597422037666,0.875257767669065,0.836578535262101,0.817884709760205,0.841614196827211,0.850579693135035,0.80527725482371,0.793979865834569,0.848482052642718,0.824842014608862
"17",0.160039531816406,0.0771565854065619,0.0670414110024102,10,130,0.764470249687228,0.85690872315528,0.893764278335643,0.80937088256848,0.826593129067,0.87514250642418,0.836577247025432,0.817936678721525,0.841614438325372,0.850521476956755,0.805343931117377,0.79411837875137,0.848402992337434,0.824916338770167
"18",0.166453718577948,0.0814692788693572,0.0657443527305873,9,147,0.735011881336986,0.811547027312971,0.911397189789279,0.772331992952995,0.81846671472471,0.860024232260281,0.816153621309449,0.795064795440614,0.814999527171306,0.838988204900232,0.789645445261903,0.759686023972047,0.848339931714642,0.785188470652572
"19",0.166457947210811,0.0814309045159879,0.0657882067767893,9,149,0.734993209381409,0.81192946924441,0.910789657582102,0.772504140047996,0.818183484004452,0.859940092840155,0.816093478155772,0.795015804064506,0.815050478137568,0.838801991649442,0.78945657821856,0.759792471447224,0.84795571025356,0.785428480562071
"20",0.16006790699439,0.0771155757951542,0.0670888181768199,10,138,0.764334732332089,0.857364422193848,0.893132714981635,0.809514302621387,0.826227786171901,0.875065834164866,0.836478950691721,0.817828350040128,0.841652130331632,0.850296246561576,0.805059036479735,0.794165254853924,0.84795316083593,0.825160005607558
"21",0.166600441120832,0.0814636665054224,0.0657711422981963,9,145,0.734364567250938,0.811602938094585,0.911025964115202,0.772018419737133,0.817939599170885,0.859878682813076,0.8158219006857,0.794647366315607,0.814765108403028,0.838647020596696,0.789074594760585,0.759257364296046,0.847860509429808,0.784993953882845
"22",0.166695779656084,0.0814235250447871,0.065839027392455,9,141,0.733944561163639,0.81200305498185,0.910086626371382,0.771987840482082,0.817283995691241,0.859647090910967,0.815519876986829,0.794313103816278,0.814639246101648,0.838197953555165,0.788502513113849,0.75909254349948,0.847116044025338,0.785102199930379
"23",0.166794989586441,0.0813827361307432,0.0658561656634478,9,112,0.733508009748158,0.812410029782498,0.909849787328712,0.771951594366643,0.816934579188119,0.859750599197999,0.815423603122882,0.794124644434053,0.814669163408418,0.838069205950529,0.788121435505044,0.758918254577165,0.846801110346145,0.785208763198371
"24",0.166695102902236,0.0813844282439785,0.0658806738399942,9,143,0.733947540854087,0.812393138470566,0.909511315392727,0.772174815820359,0.817027290432491,0.859581730835638,0.815479643345409,0.794284519243524,0.814706919505753,0.838034445861214,0.788338461224243,0.759216134045351,0.846760149536302,0.785354682875574
"25",0.160343320732081,0.0771079808759245,0.0672090480086896,10,129,0.763021872622576,0.857448870177871,0.891534995636678,0.808858604826104,0.824779183708742,0.874325840137819,0.835528378333243,0.816780104939062,0.840955396687177,0.849191234483924,0.803657107842215,0.793281639201658,0.84645639942852,0.824741441462905
"26",0.160281976269015,0.0770832384606638,0.0672242348685845,10,126,0.763313902757051,0.857724096756754,0.8913335858758,0.809143205980353,0.824843814363237,0.87436736836085,0.835661418342764,0.816955793410471,0.841123305847664,0.84924467338542,0.803801610705644,0.793568923131082,0.846436868291431,0.825023143800728
"27",0.166887619006299,0.081361904696248,0.0658869025616268,9,152,0.73310088295344,0.81261803457764,0.909425333314575,0.771836121629946,0.816517308348783,0.859660064765838,0.815215475922849,0.793862426695991,0.814565338268829,0.837811030112127,0.787707252998698,0.75870214844567,0.846381079132,0.785197458413967
"28",0.166876972973667,0.0813792452264416,0.0658919943303497,9,150,0.733147651634483,0.812444879524097,0.909355057956924,0.771778501582904,0.816511803492796,0.859535258442864,0.81515390517167,0.793830117987737,0.814475803089759,0.837747386768129,0.787720462925877,0.758680521104508,0.846355473319465,0.785102607667323
"29",0.166863895323677,0.0813301020349385,0.0659223191339007,9,155,0.733205110729276,0.812935794121536,0.908936747226158,0.772041889371731,0.816355969167778,0.859597124478987,0.815214314987387,0.793889793885891,0.814644086752776,0.837697584840662,0.787640809034158,0.758872947202125,0.846118002967722,0.785439356011087
"30",0.16693473058684,0.0813469012342836,0.0659106348687862,9,159,0.732893990468151,0.812767912244624,0.90909787839942,0.771798366498291,0.816255089923659,0.859584541887948,0.815091038112466,0.793715531565936,0.814509634870147,0.83763969434103,0.787464507587359,0.758606029555943,0.846098288121724,0.785220121277064
"31",0.160463733907197,0.0770452278923377,0.0672376427138298,10,136,0.762449295354631,0.858147258336992,0.891155845218944,0.808884276290217,0.82429433228571,0.874495823503818,0.835427593535327,0.816552952613028,0.841050486780492,0.849024116808069,0.803141125609168,0.793099941841098,0.846004674113762,0.824982751745857
"32",0.166923014743089,0.0813122292554812,0.0659496807630587,9,161,0.732945430178197,0.813114480922948,0.90855964168269,0.771989988927441,0.816042056156218,0.85951323517114,0.815065028439962,0.793710462257091,0.814576953333912,0.83749564042002,0.78734590811838,0.758749339690874,0.845784083652777,0.785461695751851
"33",0.160987573717672,0.0770154899117862,0.0673927414347167,10,132,0.75996835048943,0.858478614620098,0.889104925064016,0.807723081682879,0.822004624873199,0.873657578414371,0.833987102455358,0.814832564862352,0.840043684323891,0.847437649631011,0.800782688794588,0.791480399678117,0.843788973922552,0.82429909439149
"34",0.167350933559002,0.0812650400888564,0.0660997552591116,9,154,0.731071277856843,0.813586642072235,0.906496825718773,0.771226183468253,0.814072351054496,0.85878618321773,0.813910415850408,0.792359711476288,0.813829460328316,0.83613042476947,0.785407861033742,0.757601950906867,0.843782989234589,0.785095425579396
"35",0.167261492011004,0.0812774723554602,0.0661349054452361,9,125,0.731462211514089,0.813462195214498,0.906015029730243,0.771373357262682,0.814073557678596,0.858492268446078,0.813869719155033,0.792435898508715,0.813767819033972,0.835987951595875,0.78554860886573,0.757833363764819,0.843634308344579,0.785155265979231
"36",0.160828312869524,0.0770410973629744,0.0674508584451796,10,127,0.760720912037241,0.858193267578421,0.888338854454632,0.807988592256398,0.822057141297881,0.873135971210264,0.833930207082852,0.814992510610738,0.839930892530215,0.847211697545223,0.801081045579403,0.791915064284955,0.843582490545723,0.824388365191601
"37",0.167292741055069,0.0812564140235243,0.0661400215340527,9,146,0.731325579794532,0.813673011272897,0.905944947301273,0.771401248853224,0.813966039738164,0.858570296084189,0.813868351859564,0.792397892209547,0.813819512316844,0.835970731389844,0.785430530027309,0.757804441698263,0.843538274255769,0.785242014943547
"38",0.167421749282198,0.0812440625354467,0.0661295947555287,9,160,0.73076205076137,0.813796713512595,0.906087789357924,0.77116259976047,0.81371651766511,0.858703246257618,0.81374324873613,0.792153864618903,0.813756614600938,0.835907300633554,0.785068254885678,0.757453484507825,0.843410196502536,0.785119835650031
"39",0.160924327304479,0.0769411962140816,0.0674693979948454,10,131,0.760267032939213,0.859307553521736,0.888094752642527,0.808271739019882,0.821698948861697,0.873582582924328,0.834048612204469,0.814957691139395,0.840292873632597,0.847243701736877,0.800689021647611,0.79194249775393,0.843260172558696,0.824937676600374
"40",0.167363247756443,0.0812430616768226,0.0661639185542755,9,148,0.731017487337241,0.813806738928208,0.905617738979888,0.771302118154367,0.81364759204284,0.858485770921545,0.813700637546269,0.792191966112913,0.813727161594826,0.83576604400595,0.785115378856864,0.757633096386244,0.843216706569961,0.785217752903085
"41",0.160923598962971,0.0769606148604403,0.0674753294390283,10,135,0.76027047391394,0.859090733664911,0.888016684339663,0.808171590207486,0.821664691614774,0.873433972808502,0.833955277836988,0.814890213734129,0.840169341707902,0.8471539741473,0.800667975214395,0.79187827405534,0.843212025890783,0.824800149994837
"42",0.160915068598217,0.0770260557493669,0.067478633419347,10,110,0.760310777065849,0.858360855174669,0.887973204063033,0.807849620165015,0.821666353695231,0.873041487451619,0.833720160712622,0.814728698239521,0.839813213772021,0.846964471284972,0.800683202951006,0.791681929770251,0.843199400595053,0.824347486357497
"43",0.160974410810803,0.0769315964817876,0.0674875302803325,10,134,0.760030493239764,0.859414780238056,0.887856142820421,0.808196411351766,0.821460736830287,0.873519714640156,0.833922093065508,0.814801582946803,0.840223481353141,0.847090401565314,0.8004512354386,0.791811158076139,0.84302167612248,0.824920730984526
"44",0.167464644810186,0.0812178186483543,0.0662127027371634,9,156,0.730574868421858,0.814059675377627,0.904950498109502,0.771188394769106,0.813101525693221,0.858302807128023,0.813420783550887,0.791867703839263,0.813580459484418,0.835396505847714,0.784605642105539,0.757405695324274,0.84263234369619,0.785221901416946
"45",0.167883693024618,0.0809019762821216,0.0661442967022289,9,41,0.728751307785291,0.817237774924037,0.905886392487008,0.771727346442663,0.812505934273594,0.860421164157441,0.814080162457471,0.791854183941638,0.814868419954,0.8361203871767,0.783569416638857,0.757127537695075,0.842511051620169,0.786608685586193
"46",0.167582937216508,0.081203925713547,0.0662416043613994,9,153,0.730059174756265,0.814198950392965,0.904555662575238,0.770982109916505,0.812637164139559,0.858188948332925,0.813157426406723,0.791535669066709,0.813417682431815,0.835102528597045,0.78412230460974,0.757092402778778,0.84218897569743,0.785126639270996
"47",0.167568485284886,0.0812088469432998,0.0662470447602856,9,142,0.730122138655808,0.814149610200976,0.904481377848471,0.770991993853198,0.812638836119144,0.858127706818382,0.813142115726685,0.791541557053097,0.813393872401665,0.835073590116751,0.784145921723006,0.757120638032463,0.842167075890695,0.785117489506662
"48",0.161192099890584,0.0768953612891207,0.0675732373233739,10,137,0.75900407607173,0.859819759935409,0.886730023550996,0.807840765546028,0.820385093873839,0.87317122947171,0.833324814664242,0.814088768057631,0.839871010613649,0.846366741465001,0.799392145202209,0.791222349153664,0.841929341299872,0.824808226380432
"49",0.167777637107454,0.0809205148147075,0.0662442449065857,9,42,0.729211967439727,0.817050549358857,0.90451960630946,0.771882788119856,0.812149322295309,0.85967333402927,0.81377978914238,0.791760117246981,0.814596249649362,0.835573524967863,0.78350514615855,0.757388721711239,0.841840701287819,0.786654225916552
"50",0.167699969638711,0.0811567965359511,0.0662757620606588,9,151,0.729549689908073,0.814671770028157,0.904089465894507,0.770936791962158,0.812144192549878,0.858216852225642,0.812985845840067,0.791272290943579,0.813406999516661,0.834862762664315,0.783622783582327,0.756886583900558,0.841703691254656,0.785247816308223
"51",0.167682324164633,0.0812035094611397,0.0662959114373425,9,158,0.729626461566661,0.814203124009049,0.903814685160535,0.770755567198346,0.812063489294813,0.857839577183848,0.812776075388694,0.791139971997681,0.813132602886839,0.834637765921901,0.783598354512134,0.756794508968953,0.841562653684025,0.784974173737847
"52",0.161402052963946,0.0759220533837,0.0676036473566273,10,81,0.758016757536812,0.870842504082655,0.886331147298644,0.812473514195984,0.819666921608528,0.878552693786778,0.836382258763665,0.81606229190515,0.844867323623829,0.848599188066479,0.798578980655405,0.793899893694951,0.841311728274893,0.831481672327337
"53",0.167773623620128,0.0811359392685373,0.0663085006474356,9,157,0.729229411677542,0.814881194200911,0.903643088565142,0.770866612219146,0.811765432770351,0.858115236516264,0.812802693953219,0.791051748671532,0.813321821462404,0.834618647250022,0.783264472433528,0.75672988011304,0.841303469048583,0.785267437497587
"54",0.168101911361245,0.0808369031601049,0.0663037202393052,9,43,0.727805292972539,0.817895645418396,0.903708240003884,0.771536635445589,0.811001627851464,0.859731954871923,0.813293152792509,0.791023051050609,0.81444134217692,0.835011386100244,0.78226317651936,0.756675092357569,0.840795860165925,0.786690067965662
"55",0.175497434789372,0.0883189618383416,0.0649043774279441,8,24,0.697135322771819,0.748606524664283,0.9231922513962,0.722412659911857,0.80224056750923,0.831328901767949,0.783948648363138,0.761280987719739,0.774959691330967,0.816655233217265,0.765553316811682,0.713886651669494,0.840685964026524,0.731040494986783
"56",0.168138357697097,0.0808277868876566,0.0663129571308042,9,44,0.727647531016816,0.817987892896955,0.90358236030675,0.771496513710928,0.810857246096718,0.859720553997737,0.813227194801539,0.790932069447726,0.814414765445029,0.834931518645301,0.782113810582286,0.756594184179559,0.840657030538881,0.786692368397665
"57",0.161684416994273,0.0759034609863969,0.0676902739131068,10,78,0.756692964739133,0.871055815170369,0.8851968659499,0.811863170266104,0.81842668631553,0.878097874758985,0.835606576615586,0.815138322116258,0.844331288302025,0.847737420372432,0.797308547600483,0.793040059231371,0.840104176594197,0.831133055085971
"58",0.161608754706807,0.0758845557125266,0.067730475476281,10,85,0.75704723465926,0.871272823079126,0.884671455527518,0.81215434576552,0.818375267825886,0.877946579556513,0.83564096114786,0.815258873138965,0.844409930032088,0.847637757052729,0.797399556612365,0.793353436879983,0.839902748171036,0.831400799043368
"59",0.175936608156278,0.0882676666538032,0.064932598429111,8,23,0.695395131971854,0.749041564031302,0.922791013647608,0.721720068497441,0.801064528435706,0.831389694509521,0.783333993057667,0.76035803825138,0.774616438806638,0.816086266015165,0.764168062589144,0.712836183750915,0.839742473067645,0.730714670699097
"60",0.168072131457649,0.0798936736507122,0.0664457887409399,9,79,0.727934249339509,0.827551770529568,0.901776011069514,0.776146427467152,0.810205926718796,0.863867081547657,0.81594709627894,0.792993338897312,0.818832918946038,0.836606376599642,0.781797591784726,0.759730962683897,0.839646540982205,0.792916580287732
"61",0.168366138623057,0.0808257390562007,0.0663969861056677,9,40,0.726663103686341,0.818008617747196,0.902438827988574,0.770984228771478,0.809795653009598,0.859187254493648,0.812524104601585,0.790151679741365,0.813891775837592,0.834125952006175,0.781078464660932,0.755918021534572,0.839568659619763,0.786350720687462
"62",0.16844369485592,0.0808043140885372,0.0664235710527392,9,39,0.726328527477175,0.818225509733489,0.90207764161908,0.77090889839785,0.809447172524106,0.859129174299741,0.812362770445325,0.789943053695526,0.813824505247211,0.833918269958091,0.780734506004362,0.755752756278888,0.839215789834207,0.78636898733278
"63",0.161645050121732,0.0758550885020624,0.0678116078014152,10,84,0.756877248980892,0.871611283954414,0.883613001753984,0.812220875612121,0.817793725783772,0.877591626542553,0.835353181240857,0.815002537435433,0.844273794062245,0.847165229448704,0.796962095848157,0.793337375816025,0.839169869452268,0.831553851980755
"64",0.175858564086603,0.08830133455496,0.065029379223111,8,20,0.695703740576801,0.748755966339407,0.921417658280174,0.721742562525949,0.800645809018591,0.830612406076243,0.782961465965349,0.760171137229466,0.774266314924853,0.815491472575766,0.7640147373678,0.712956431280676,0.839033175861944,0.730636969815692
"65",0.161793570402276,0.0758692246082256,0.0678101319075463,10,83,0.756182464750118,0.87144888359107,0.883632233673685,0.811772360146386,0.817427183541151,0.877519414907737,0.835051684950883,0.814594864967251,0.844005928008761,0.846940507846159,0.796480079216988,0.792802554384877,0.838925188246903,0.831196066477008
"66",0.175907979103445,0.0882682262071029,0.065042034477481,8,25,0.695508307645146,0.749036815678505,0.921238377682017,0.721776508371162,0.800455460971677,0.830687342445863,0.782935230622542,0.76009864341858,0.774319449309324,0.815431308953023,0.763822103552848,0.712912018012019,0.83884577576256,0.730751221573156
"67",0.168381089803542,0.0798780851324649,0.0665063471885728,9,59,0.726598580578503,0.827713270468557,0.90095488409966,0.775509695263988,0.809093653387593,0.863557938798984,0.815253181705878,0.79212371040049,0.81835050801035,0.835882316845338,0.780603890395468,0.758850694863304,0.838623209551818,0.79253440962689
"68",0.161781225080275,0.075835063158596,0.0678684747632909,10,76,0.756240168083829,0.871841445499791,0.88287262285113,0.811986158310109,0.817106933455805,0.877339696867024,0.83495890450025,0.814542521803087,0.844030621477687,0.846687870059598,0.796292290309982,0.792961918589661,0.83846565994208,0.831466815531142
"69",0.168403384644196,0.079871641458806,0.0665348630474497,9,73,0.726502386552431,0.827780046537016,0.90056874815299,0.77548963845407,0.808866703967769,0.863407690639749,0.81512264206588,0.792002366042868,0.818268732051202,0.835692367386586,0.780423468512493,0.758804121975613,0.838346578729531,0.792542056550599
"70",0.168423817125726,0.0798517845117594,0.0665377740564887,9,61,0.726414250284959,0.82798589271379,0.900529348521678,0.775539007079728,0.808799945330103,0.863496147386131,0.815145348365962,0.791994890468017,0.818336694008652,0.835700686130302,0.780348968387568,0.758805638367223,0.838288224968966,0.792641384157895
"71",0.176255961929947,0.0882571537748669,0.0650492096439549,8,22,0.694135162906668,0.749130787204088,0.921136761709153,0.721108882911804,0.799620795220024,0.830693630300487,0.782423588804054,0.759350813783827,0.773964182496797,0.815009141816878,0.762788379651699,0.712003144993521,0.838231720887332,0.730331073213226
"72",0.16186602385219,0.0758104540680604,0.0678903378055567,10,77,0.755843987118857,0.872124456930454,0.882588307260833,0.811905183374378,0.816761326915343,0.877340782229473,0.83481376075555,0.814329635284325,0.843989057202663,0.846509315631369,0.795928699750067,0.792770711282684,0.838139226986023,0.831501488902925
"73",0.176059463215032,0.0882233034315348,0.0651003884105867,8,21,0.69490988222591,0.749418220720644,0.920412608681583,0.721649587749438,0.799752347604033,0.830526326811498,0.782609469250061,0.759697934675418,0.774176324462698,0.814994097901604,0.76315574570355,0.712623939696707,0.838103914042491,0.730789549001928
"74",0.162012105436885,0.0757749448435551,0.067945136052224,10,82,0.755162464666426,0.872533146942722,0.881876493368374,0.811729192371704,0.816063739093611,0.87719238025277,0.834468662863127,0.813893580180044,0.843826203893428,0.84607617490005,0.795236281074151,0.792417834965275,0.837436673995699,0.831511170842455
"75",0.162000504529587,0.0758078392938907,0.0679498141560352,10,75,0.755216542089042,0.8721545383643,0.881815779298206,0.811582118230036,0.816064864824571,0.876971854688725,0.834348715476284,0.813820405008029,0.843643689869366,0.845970400221844,0.795255994345582,0.792341027642245,0.837418225497522,0.831290456573644
"76",0.162123280752479,0.0757718042698619,0.0679329003104284,10,80,0.754644615379485,0.872569311511774,0.882035332649771,0.811467641054001,0.815857349270449,0.877289554787511,0.834339487393435,0.813659534847999,0.843736976518593,0.846016034547568,0.794920406354432,0.792066471720695,0.837345738061001,0.831344029810094
"77",0.176414639221916,0.0873396703541362,0.0651530463576207,8,35,0.693510818530281,0.757000236154741,0.919668713482404,0.724560455312937,0.798623942956804,0.834379669748914,0.784501098187005,0.760691348532764,0.777533609188137,0.816306058888376,0.761925714503375,0.714059111518757,0.837089745264198,0.735216237611863
"78",0.176325612843783,0.0875936891253284,0.0651975027880231,8,38,0.693860970475729,0.754804960767891,0.919041616026123,0.7236917179285,0.798553133863657,0.832884848540695,0.783695694537832,0.760201479413831,0.776370959578624,0.815538353451099,0.7620088793141,0.713608292411414,0.836849969750304,0.733917624231248
"79",0.176803340460693,0.087307141746113,0.065158252495683,8,34,0.691986138546488,0.757282276815595,0.919595232041288,0.723898362011765,0.797713704060556,0.834501750189292,0.784002232873048,0.759910286628477,0.77723513177029,0.815900411930597,0.760788315011652,0.713100697043876,0.836431292502523,0.73485952362079
"80",0.176410976096544,0.0873466979426677,0.0652566807712019,8,18,0.693525219091578,0.756939330747859,0.918208183668684,0.724538829322447,0.797997826908385,0.83368332598978,0.784069986465286,0.760381753667234,0.777197491657223,0.815645439188866,0.761532703467848,0.714049845358252,0.836209041122802,0.735181890463909
"81",0.176974039752887,0.0871046809640276,0.0651719250707096,8,114,0.691318687296445,0.759042457328589,0.919402307944131,0.724389560390449,0.797245255003288,0.835383377315763,0.784301992652566,0.759944826809949,0.77790937611733,0.816091559614247,0.760245854965319,0.713193791802117,0.83604532990746,0.73576108097736
"82",0.176711095421156,0.0873342163483046,0.065252382104996,8,33,0.692347362546358,0.757047510680982,0.918268672962128,0.723975032264417,0.797346156844236,0.833770359872734,0.783680394587649,0.759775433682358,0.776935597839343,0.815354887233259,0.760686923984845,0.713275116429972,0.835772081507397,0.734835458673571
"83",0.176767921231338,0.0873152647188044,0.0652543558879488,8,17,0.692124792752413,0.757211826553844,0.918240897604788,0.723937206201792,0.797205927569222,0.833848227971831,0.783645196058525,0.759688773098544,0.776951579285506,0.815321255722084,0.760516221182162,0.713173833518427,0.83566566136303,0.734863022017638
"84",0.176852043942441,0.0873022536556004,0.065299046497571,8,36,0.691795571711538,0.757324677374087,0.917612454347266,0.723818940174449,0.796743517366031,0.833624949208568,0.783381050233576,0.759406378911017,0.7767840930652,0.814975627977005,0.760101550223437,0.712983076215296,0.83515187184948,0.734819486791099
"85",0.177749281145309,0.0862272605259371,0.0651745324567231,8,45,0.688303547891696,0.766766225442946,0.919365526142588,0.72647636807807,0.795488877014166,0.839606118535781,0.785797059361759,0.760199888331848,0.780995520864237,0.817249856756336,0.758023629155981,0.713522485418807,0.834805841287363,0.739665426333588
"86",0.177325406404977,0.0870938510774151,0.0652908353380254,8,124,0.689948853511163,0.759136842220809,0.917727855876817,0.723716514906446,0.795729402496519,0.834674203823504,0.783339981613285,0.75886923114814,0.777217798222261,0.814969205238907,0.758780048422962,0.712280882117071,0.834478032617583,0.735335746189865
"87",0.177386788024296,0.0870312754103976,0.0652934334772913,8,113,0.689710108684972,0.759682663180407,0.917691337889468,0.723851374377536,0.795575887263435,0.834957603441912,0.783426900265222,0.758866720457068,0.777422156102077,0.815028917392291,0.758594934344514,0.712287187885787,0.834359634818697,0.735603308748919
"88",0.177525565300524,0.0870526891819691,0.0652930337564255,8,144,0.689170940762264,0.759495791629751,0.917696955952453,0.723479391014323,0.795267297497148,0.834857458514518,0.783160076149319,0.758524554702643,0.777175762405036,0.814821965111507,0.758201085140913,0.711857549434874,0.834145567532228,0.735290971681044
"89",0.177329555554051,0.0866281057053972,0.0653333541438096,8,115,0.689932710118497,0.763218248227712,0.91713060057012,0.72565090395564,0.795461124621403,0.836642582207693,0.784564924879305,0.759754621008053,0.779172924367109,0.815792038052031,0.758603575150488,0.713543967649393,0.834109436748204,0.737963262651212
"90",0.177522384023571,0.0852721593417902,0.0653165456349422,8,72,0.689183290999913,0.775354483738939,0.917366614242955,0.731000242677621,0.795131273600408,0.843376735264665,0.78848358729079,0.762391732616812,0.785180614984304,0.818898783511093,0.758119155210031,0.716786681689815,0.833950359798325,0.745495652255969
"91",0.177560966049836,0.0852481328568792,0.0653095867563793,8,56,0.689033539123549,0.775573011021355,0.917464361651617,0.731023813998389,0.795087238061674,0.843540513236282,0.788528541613235,0.762382912472001,0.78526950994429,0.81895561348718,0.758036252208024,0.716750168801421,0.833949186845829,0.745581710188349
"92",0.177449743861289,0.0865493321015968,0.0653527318974682,8,111,0.689465412489698,0.763912897746538,0.916858661963505,0.725735159098012,0.795073792528354,0.836899132084957,0.784548096616267,0.759613721120956,0.779337619246412,0.815718436049152,0.758186045666183,0.713438054081121,0.833756225373399,0.73824422195894
"93",0.177726849224474,0.0862205123694146,0.0653057668395775,8,46,0.688390422614139,0.766826237363117,0.917518026706017,0.72655064352735,0.794739342275344,0.838794907073122,0.785323866996738,0.759880504136442,0.780658042629063,0.816470031753279,0.75757926860428,0.713601138646313,0.833722157318124,0.73973513917225
"94",0.177712840038258,0.0852390060001153,0.0653829080523896,8,60,0.688444688752804,0.775656054502429,0.916435504446525,0.730750498474789,0.794301677966694,0.843112535540146,0.788037193404587,0.761863732640899,0.784923503034726,0.818343266419595,0.757321008551954,0.716367318762736,0.83308814689699,0.745422462799443
"95",0.162900146160381,0.0757637264028173,0.0683345808711742,10,71,0.751045740174237,0.872662344143883,0.876850601251706,0.809573552050539,0.811513960963896,0.874753966068338,0.831405211650051,0.81054317584947,0.841532931904772,0.842540833356458,0.790835445273416,0.789574299306411,0.832733171957954,0.830079369041598
"96",0.177843519429123,0.0851935207964215,0.0654301600914719,8,58,0.687938819700846,0.776070180756463,0.915773677450962,0.730676949242703,0.793723039087765,0.843033002551726,0.787794582542664,0.761547850593969,0.784846980255012,0.818006550607414,0.756767716146946,0.716143756819413,0.832483005467412,0.745505073626232
"97",0.162903183525845,0.0757613440358477,0.0683692006290829,10,55,0.751031736762249,0.872689785604575,0.876406594955623,0.809578733254079,0.811300910340553,0.87454621573377,0.831268403187492,0.8104393643459,0.841435688276825,0.842330185235988,0.790692110416657,0.789572760796238,0.832446863258273,0.83009161141315
"98",0.163119624513796,0.0757274562897328,0.0683617309520455,10,66,0.750035203993299,0.873080310935023,0.876502357220953,0.80922244723851,0.810806773712963,0.874789660762946,0.831054764438789,0.810014223123005,0.841367595110209,0.842190823104041,0.790021289602902,0.788991813231713,0.832139124540891,0.829971817365826
"99",0.163045345755476,0.0757540616175611,0.0684384334691418,10,52,0.750376898405923,0.872773679351226,0.875520015375416,0.809264608469874,0.810536855195191,0.874145768830831,0.830773034364978,0.809900482016118,0.841079802015528,0.841740674109505,0.789965872672853,0.789139017736066,0.831643513164499,0.829903466693036
"100",0.178043028920204,0.0851768604822003,0.0654936428399293,8,57,0.687167936815703,0.776221977535493,0.914886021374911,0.730338863004065,0.792893649696935,0.842706732340032,0.787297014775963,0.760973748957743,0.78451352871897,0.817420832025503,0.755957863221152,0.715655318405613,0.831634103322777,0.745323679005704
"101",0.163122120833064,0.0757053414546486,0.0684672624631783,10,54,0.75002372592201,0.873335352742121,0.875151366763013,0.80933443967439,0.810175467936011,0.874242888215126,0.83070419959366,0.809754844616522,0.84116281305875,0.841599751098715,0.789607127175037,0.789060581491159,0.831279589881196,0.830129207576438
"102",0.178026969861943,0.0851241792380021,0.0655432885879721,8,74,0.687229923322249,0.7767023620739,0.914193041179936,0.730597772192234,0.792629051695571,0.842648143934334,0.787284194721965,0.760981615641027,0.784625297005103,0.817256018172827,0.755812397315276,0.715845967456267,0.831239095605561,0.745653574928974
"103",0.163428071663431,0.0757252157590866,0.0684216500191989,10,65,0.748619619642073,0.87310614332353,0.875734775562403,0.808470400770503,0.809686503894478,0.874419471687122,0.83029727945736,0.809078223846147,0.8407985851061,0.841430713111663,0.788796548941577,0.788006532700048,0.83112969430273,0.829465698313973
"104",0.163481349535958,0.0757170980044249,0.0684634363527971,10,67,0.748375647710229,0.873199750469761,0.875200274996485,0.808381982009877,0.809307464859101,0.874199440481402,0.83006779638026,0.808844591066905,0.840646820233255,0.841127893341582,0.788464685488657,0.787863472128095,0.830701215579157,0.829434860170763
"105",0.163597323370028,0.0756885216057502,0.0684766863515225,10,64,0.747845125624651,0.873529429312243,0.875030926811782,0.808247935846942,0.808942280627618,0.874279855726105,0.829922496499012,0.808595033707597,0.840615779499283,0.84097677756158,0.788041179736956,0.787590178802837,0.8303977383586,0.829447526623336
"106",0.163373889129836,0.0757030277587214,0.068568850835033,10,53,0.748867897429346,0.873362044309269,0.873854783819107,0.808722942556026,0.808951045871869,0.873608379324334,0.829875478075791,0.808836986172908,0.840539790354256,0.840658320684955,0.788405959500104,0.788257745779646,0.830031517052611,0.829719468432993
"107",0.163591192241902,0.0756510403973703,0.0685415478751913,10,70,0.747873153626775,0.873962218318105,0.874202876659286,0.808463283250521,0.808574586712183,0.874082539206234,0.829807987826019,0.808518933066051,0.840632880322097,0.840690744501815,0.787812207631966,0.787739909014012,0.829884147444188,0.829731835197124
"108",0.163508684286635,0.0756401996981003,0.0685773079395495,10,69,0.74825053715826,0.874087473957565,0.873747018124288,0.808725183181564,0.80856766918541,0.873917229461814,0.829842895406396,0.808646422348273,0.840689521453688,0.84060764764955,0.78794020369968,0.788042530802841,0.829735140537533,0.829950664269017
"109",0.17877348701564,0.0850191477296173,0.0656124068359544,8,1,0.684360208495636,0.777661889696009,0.913230000432445,0.729520975004469,0.790555673877823,0.8427242537529,0.786234165689476,0.759425405160154,0.784082278372448,0.816223278471528,0.753442111102529,0.714145612023564,0.829497401712619,0.745227365415655
"110",0.178725722495804,0.0849582330312226,0.0656565128094708,8,10,0.684543104031303,0.778219470024292,0.912616521335095,0.729879970699309,0.790395689705464,0.842743107695821,0.786315927656819,0.759535373003183,0.784283950334361,0.816149814587839,0.753407562855933,0.714443512920218,0.829199728148251,0.745649952717135
"111",0.178741259688483,0.0849403113350922,0.0656673430246955,8,5,0.68448359970576,0.778383667831497,0.912466007656783,0.729925239260484,0.790296158114196,0.842762503800122,0.786305207875958,0.759511100839314,0.784317296906085,0.8161078169923,0.753322483382463,0.714452350788354,0.829084530605951,0.745733223946389
"112",0.163793807654985,0.0756117120127941,0.0686218899298482,10,63,0.746948023244099,0.874416797659216,0.873179365715918,0.808173185958917,0.80760113989459,0.873797862638389,0.829285578210893,0.807887112295192,0.840345168685201,0.840047706921589,0.786855061744069,0.787226585257632,0.828894205386939,0.829677135826448
"113",0.178853471506542,0.0849307050887166,0.0656931452361942,8,6,0.684054157948172,0.778471708373255,0.912107619565753,0.729737493183502,0.789893036847498,0.842644632584587,0.786067429095155,0.759219707721155,0.784161578902467,0.815842587645119,0.752908764309907,0.714180414399906,0.8286940453297,0.74563345370538
"114",0.163755809579854,0.0755965837852636,0.068669024996423,10,62,0.747121345871117,0.874591784088617,0.872580007161798,0.808347815495353,0.807417580518873,0.873585316511041,0.829215220984603,0.807882564117443,0.840333732662515,0.839850071521196,0.786796674860337,0.787400877143771,0.828578932983763,0.829851997608075
"115",0.163858132749101,0.0755647235368265,0.0687037518214656,10,68,0.746654797017918,0.874960536996295,0.872138955073067,0.80826572496281,0.80696142068348,0.873548606813679,0.82901935514439,0.807613309514988,0.840273406681725,0.839595155292383,0.786336559809865,0.787183643717303,0.828127252062343,0.829912419247713
"116",0.159216667035218,0.0736146613664339,0.0699855268083347,11,181,0.768421190605959,0.898138357991622,0.856165853938196,0.83075179589141,0.811107874970621,0.876901017347195,0.839138203233613,0.820871076231529,0.853514554638752,0.843363101362669,0.796621804807902,0.809432497729846,0.825857365275109,0.852632613976349
"117",0.159440196722866,0.0729844459360037,0.069993840418577,11,186,0.767343890450489,0.905893717981118,0.856064161715426,0.833745770538171,0.810490964987242,0.880626564604303,0.841119822297358,0.822036139179729,0.856865610036018,0.844831269626984,0.795845561396873,0.810996741181567,0.82540587796075,0.85713292617863
"118",0.159311958865496,0.0735858832344068,0.0700682356889267,11,180,0.767961562451246,0.898489603952245,0.855155231668574,0.830665684916241,0.810386542244228,0.876554667673151,0.838749933967626,0.820463461806927,0.853301754005724,0.842821515045554,0.795990665213698,0.809215155334428,0.825042775689142,0.852684821272541
"119",0.159411058947998,0.0735391385094722,0.0700526535683238,11,189,0.76748414855851,0.899060723634154,0.855345447617226,0.830671327289414,0.810224704997265,0.876930725366561,0.838815916773939,0.820384319147283,0.853487673947966,0.842918108871294,0.795719728378484,0.809051097670359,0.824994089219888,0.852869313159126
"120",0.159498033027384,0.0729438081195731,0.0700754495062166,11,185,0.767065640405168,0.906398401566552,0.855067198931871,0.833826762799005,0.809872007503735,0.880358757748133,0.840847626232147,0.82176210322597,0.856776921418218,0.844380195445733,0.795344170076596,0.810951217303587,0.82466521188552,0.85734758827002
"121",0.19008946716776,0.0953848195173792,0.0642064050805416,7,27,0.643620410275236,0.693151713430793,0.933228051749801,0.667927084479519,0.77501265895956,0.804281432765954,0.746704263800354,0.719480330331259,0.732940210718701,0.789511425984289,0.728476925638739,0.659724539936609,0.824521134998082,0.676231613612822
"122",0.190514853250459,0.0953455484317787,0.0642146282740659,7,26,0.642183319358697,0.69343720992979,0.933108544480537,0.667318371723382,0.774097372697049,0.804395540543476,0.746218668378655,0.718727624558527,0.732658121047615,0.789101054709679,0.727361097223431,0.658832570584439,0.823836667514819,0.675913470465669
"123",0.164802612835055,0.0755336027575289,0.0690778265919092,10,86,0.742375735085987,0.875321031567876,0.867416091087476,0.806112333515886,0.802464116485266,0.871359597209593,0.826049746085501,0.80428615647834,0.838101257747587,0.83620261259802,0.781912825823125,0.784280890676343,0.823555563970433,0.828551481964633
"124",0.164838777165079,0.0755126785833365,0.0690880879698782,10,87,0.74221286369403,0.875563578516048,0.867287257237407,0.806135566115643,0.802316495430274,0.871415592325586,0.826024718045854,0.804223763791896,0.838140263823058,0.836152560301026,0.781759750244021,0.784238599226292,0.823413790027673,0.828643924945441
"125",0.19043609376438,0.0953336307118295,0.0643126324083228,7,31,0.642448909915622,0.693523896972008,0.931686607737396,0.667498068619004,0.773667270552318,0.803832648599613,0.745973316894121,0.718624664791996,0.732500334766572,0.788605738771221,0.727191870843702,0.65904166902847,0.823112949309254,0.676062975300054
"126",0.159887012393566,0.0728687638602145,0.070236389233451,11,184,0.765199493166828,0.907331860474403,0.853107897161591,0.833240589367278,0.807958990620606,0.879802236594697,0.839811077765636,0.820502422622447,0.856204960361019,0.843115725760588,0.793446721282731,0.809913247890485,0.822736691720546,0.857239811272983
"127",0.190803639093304,0.0953054160834965,0.0643010777416029,7,30,0.641211359641245,0.693729210791487,0.931854028387529,0.666953559458571,0.772991195635202,0.804023855172313,0.745612234250166,0.718017568976578,0.73228858525637,0.788354844679013,0.726301209600622,0.658260000353834,0.822682628957896,0.675761933332345
"128",0.190753604576978,0.0952901374315355,0.0644202657474755,7,32,0.641379548862693,0.693840442105163,0.930129946344105,0.667094498358442,0.772377061654386,0.803344118785122,0.745257087640181,0.717808113974689,0.732056310627923,0.787708429537595,0.725979929368213,0.658410288385463,0.821739419007116,0.675893250136409
"129",0.190927995875215,0.0952275992750077,0.0644061332384532,7,16,0.640793720620609,0.694296103095296,0.930334042898232,0.667008682938104,0.772108938407509,0.803696024975323,0.745247674165628,0.717637349983911,0.732169534398543,0.787744174618912,0.725590858468598,0.658153316485195,0.821609321301243,0.675983197183862
"130",0.190888962857959,0.0952792224386728,0.0644561969480696,7,29,0.640924750262029,0.693919927047205,0.929611444054751,0.666896135799703,0.771887933978447,0.803166175483455,0.744970864193739,0.717474097400486,0.731866394115034,0.787371754532314,0.725501835823031,0.658124130787628,0.82123980009728,0.675785061113485
"131",0.160347257514401,0.0728274556749492,0.0704196367774042,11,187,0.763003139211951,0.907846504742038,0.850887920830613,0.832279840582945,0.805748195599151,0.878905924916479,0.838436873236281,0.818906575735753,0.855275208968957,0.841532449227513,0.791240185337219,0.80851551547232,0.820522221624262,0.856742659584109
"132",0.1911654169367,0.0952000063456229,0.0645110592429016,7,15,0.639997876226885,0.694497339041387,0.92882087236485,0.666690949414878,0.771001547150657,0.80315852999485,0.744606852059375,0.716951709301409,0.731750314583413,0.786915795516443,0.724596686907739,0.65767179529302,0.820378282773457,0.675833790064964
"133",0.191203690901509,0.0951401031859277,0.064522340212834,7,37,0.639869765435316,0.694934616105584,0.928658478993824,0.666834049670802,0.770856979681248,0.803341100400551,0.744669993818106,0.716961422586913,0.731912016055959,0.786931441936703,0.724457760958848,0.65772200941081,0.820227920999593,0.676072327576048
"134",0.191187726878178,0.0951973401249945,0.0645477919086394,7,19,0.63992319405247,0.69451679003791,0.928292301741037,0.66666138526551,0.770737163204451,0.802941211809488,0.744443570186253,0.716812879974606,0.731635087015159,0.786674412835443,0.724402850569098,0.657626770589262,0.82003511482287,0.675820119375452
"135",0.191889274611869,0.0943420907570873,0.0644698519408233,7,191,0.637583633035151,0.700812866804008,0.929414548340705,0.66845105557152,0.769791857794554,0.807059894971868,0.746075704567786,0.717334078315767,0.734493048778125,0.788205643155307,0.722927250227003,0.657999346529297,0.81969451855732,0.679068780313423
"136",0.191701631784249,0.0942903351318578,0.0645053020097519,7,192,0.638207717424175,0.701197540461596,0.928903771570805,0.668961644462103,0.76995685318134,0.80705950211304,0.746318809462865,0.717684890929895,0.734773333560973,0.788289917845621,0.723266377358196,0.658549102749364,0.819661433628777,0.679538822379594
"137",0.191682763382625,0.0942484214039606,0.0645369216765614,7,216,0.638270539763122,0.701509373832121,0.928448658017322,0.66914330803253,0.769806096426277,0.80704116172659,0.746331989645971,0.717712057796361,0.734864744477613,0.788203784794309,0.723195692240631,0.658689932731675,0.819420569637303,0.679762577860917
"138",0.191879149289422,0.094297771078667,0.0645040874298496,7,215,0.637617277857401,0.701142246815161,0.928921262367081,0.668625762893642,0.769607852516045,0.807035278665333,0.746073656473043,0.717342064511401,0.734577823569219,0.788099414869923,0.722824757425222,0.658125567829175,0.819418870991885,0.679293485405426
"139",0.192050362342595,0.0941092816186682,0.0645158029657254,7,50,0.637048841539103,0.702546549570548,0.92875257795373,0.66899661100129,0.769194873788093,0.807769719069825,0.746304320600731,0.717348425636942,0.735115776274171,0.788246361938802,0.72235136469455,0.658173191207803,0.819076121095261,0.679998018013934
"140",0.191882821255105,0.093889485216414,0.0645468387664057,7,206,0.637605076094118,0.704191219403977,0.928306009532386,0.670071560382085,0.769345581547411,0.80852021671239,0.746983790556481,0.71799484280915,0.736047826715719,0.788689708516241,0.72265591968132,0.65906975041299,0.819051789000136,0.681257022874332
"141",0.192167129050827,0.0939029673763048,0.0645433642221433,7,207,0.636661750903066,0.704090114839564,0.928355982761363,0.669527628486904,0.768796946824183,0.808483933368156,0.746592888706098,0.717447417303295,0.73573251292691,0.788390753072259,0.721955927375279,0.658388023024463,0.818677045280292,0.680855710661435
"142",0.160804729974261,0.0728209106250446,0.0705597857372056,11,166,0.760832475929643,0.907928100819706,0.849197849697798,0.831132471338207,0.803801780627354,0.878072087528296,0.83711115384513,0.817352898324135,0.854279944819315,0.840116603498837,0.789215591846131,0.807005536115262,0.818657549616266,0.855980726276076
"143",0.160800783521847,0.0727487777248389,0.0706005962420595,11,188,0.760851148656826,0.90882834257137,0.848706972923214,0.831554621403372,0.803579289940753,0.878253352701012,0.837233205290564,0.817447290174892,0.85458506551515,0.840087022606328,0.789076404816026,0.807285380795895,0.8183487318598,0.856553462786083
"144",0.192049644612306,0.0938497596815547,0.0646067320667749,7,209,0.637051222325851,0.704489295530427,0.927445428771143,0.669922209538642,0.768654827630178,0.808316384071174,0.746641924598959,0.717592461288824,0.735873017594235,0.788236189773647,0.7220141194438,0.658780954411122,0.818308434874269,0.68125188475479
"145",0.192288765085942,0.0938753450321919,0.0645796415570166,7,208,0.636259018007804,0.704297289784508,0.927834482795486,0.669414297713941,0.768337853354392,0.808375724277685,0.746368827085451,0.717172464969387,0.735621008234774,0.788102574983306,0.721516283496184,0.658174885107132,0.818197829211373,0.680845641673047
"146",0.1923511573627,0.0937130762019395,0.0645797485062779,7,51,0.63605263688026,0.705516815404572,0.927832946226905,0.669884938479319,0.768212595595778,0.809074622917718,0.746718203688464,0.717366048360052,0.73619759847368,0.788378916576474,0.721359853029319,0.658412137115752,0.818108451078462,0.681557652881708
"147",0.192347298865814,0.0937236030814561,0.0645912201443698,7,49,0.636065396129456,0.705437572927026,0.92766815968556,0.669854035793195,0.76815207834587,0.808957338213989,0.746651030883593,0.717321245874477,0.736127256516943,0.788290720890598,0.721326791521359,0.658396290435548,0.818017051914267,0.68151117463253
"148",0.191649345405991,0.0951367653673868,0.0647169423184305,7,28,0.638381835264493,0.694958997485773,0.925866027915046,0.666069966481405,0.768801700121334,0.802146449575123,0.743354458706586,0.715594663640433,0.730948465202356,0.785297112040816,0.722608496418474,0.656709664988962,0.817947833493455,0.67556368346733
"149",0.160918626207026,0.0727094695587224,0.0706415261071627,11,183,0.760293968021542,0.909319673008492,0.848215230122229,0.831474751505827,0.803052254243729,0.878236184460403,0.83701787504505,0.817139935105058,0.854535671132364,0.839803279160863,0.788538771636629,0.807036590226427,0.817832865348454,0.856652933416201
"150",0.192658830297134,0.0924471004402048,0.0647233236261109,7,12,0.635036871441728,0.715178202117032,0.925774743418764,0.673917300561219,0.766747087846064,0.813691536494996,0.749157008026311,0.718835257659497,0.740513878171245,0.789870632453523,0.720058427086325,0.660699610892324,0.816463046060482,0.687399417993204
"151",0.192798890274769,0.0924401580617841,0.0647561475504301,7,14,0.63457554487556,0.71523191294814,0.925305482024068,0.673697766711049,0.766274252752737,0.813515832648312,0.748867730610111,0.718496522446488,0.740313311807404,0.78954178911892,0.719588033594961,0.660396123900973,0.815989431478336,0.68726733008432
"152",0.192864958819589,0.0924371526679567,0.0647790778477234,7,7,0.634358162293027,0.715255167164809,0.924977945256105,0.673593314555051,0.766007382153881,0.813385059401706,0.748701962198946,0.718315704630402,0.740196418643019,0.789340838950691,0.719338791216897,0.660252452175209,0.81570369439081,0.687203738385898
"153",0.192956213953789,0.0924109578413374,0.064801073093878,7,3,0.634058154130324,0.715457913522277,0.924663982591257,0.673529452960943,0.765696243945735,0.813362258587119,0.748569925655032,0.718135761760282,0.74015095560653,0.789169453518936,0.719030603272528,0.660106625695883,0.815390520687462,0.68722522445164
"154",0.166811149048597,0.0753681615968861,0.0697055441848457,10,182,0.733436952777494,0.877242454677174,0.859604770666135,0.802123452347253,0.794018830753003,0.868378833845787,0.820843597847756,0.798060853414279,0.83459393009395,0.830366874520467,0.773288343789634,0.778541448280451,0.815305065249863,0.826419754820433
"155",0.192947267679875,0.0924115565146947,0.0648139061595037,7,8,0.634087553136552,0.71545327854363,0.924480900375211,0.673542885624408,0.765638186116911,0.813279097926666,0.748530469258497,0.718115696264482,0.740120497240512,0.789099191067492,0.719005368722519,0.6601256045467,0.815295486710925,0.687232877577559
"156",0.192829066211323,0.0923992959392638,0.0648429801901143,7,11,0.634476239766859,0.715548212912985,0.924066385405084,0.673793988917181,0.765701094100545,0.813150693715236,0.748604578415735,0.718279050587065,0.740200006423374,0.78906930991287,0.719191643860284,0.660424550313243,0.815218266941752,0.687434074468602
"157",0.192869629969001,0.0923928123322219,0.0648665804741606,7,13,0.634342798641647,0.715598426055274,0.923730184097511,0.673746768665691,0.765481280091276,0.813031282202553,0.748478808070344,0.71815077729929,0.74011971951036,0.788898109171686,0.719003582460687,0.660347393834114,0.814963380522819,0.687418035606714
"158",0.193068797298088,0.0924080427829477,0.0648400585424881,7,9,0.633688418634628,0.715480483003573,0.924108023189226,0.673343668447602,0.765242805822017,0.81313052751628,0.748282233907893,0.71782407184862,0.739943438598212,0.788823355622851,0.718606972786228,0.659856922427245,0.814905190234714,0.687106068646972
"159",0.166735756758116,0.0755091583123901,0.0697787624038575,10,179,0.733768588251902,0.875604397684161,0.858702795219825,0.801555364747728,0.793781542854463,0.867112417047617,0.820168922154412,0.797658983596828,0.833689756278609,0.829637169027714,0.773250785169116,0.778291084445139,0.814857417362476,0.825515049056369
"160",0.193116802389748,0.0924007171989937,0.064840449951424,7,4,0.633530895983861,0.715537206722875,0.924102444817418,0.673286660854745,0.765145378242629,0.813160305284533,0.748238492960478,0.717747989746694,0.739925662945034,0.788787581899478,0.718486434295635,0.659765000740175,0.814834382252458,0.687085442811257
"161",0.161962378924246,0.0726880845400232,0.0712329321513715,11,178,0.755394318483917,0.909587197160956,0.841172987177374,0.828913144365015,0.797130663929028,0.874711483710016,0.832979775202471,0.812866585060047,0.851504460572143,0.835020566067753,0.782968425166953,0.803644399154137,0.811549067563539,0.854976407008236
"162",0.162359236606771,0.0725928613370606,0.0713635475344242,11,172,0.753547894191152,0.91078034211615,0.839633403794405,0.828442278539864,0.795426918906962,0.874483618348575,0.832155981135364,0.811766770144743,0.851151691139998,0.834019070631852,0.781214825286302,0.802684955438877,0.809897563183017,0.855026127276884
"163",0.162387808999163,0.0725843853718439,0.0713617377540917,11,176,0.75341530624473,0.910886697532129,0.839654697446557,0.828417757037728,0.795367022836956,0.874545764625519,0.832146594578689,0.811724192740593,0.85116933729894,0.83401730266516,0.781129788483365,0.802622036233308,0.809863751636961,0.855042534585895
"164",0.162489573942196,0.0725657459418888,0.0714665481447959,11,168,0.752943452796782,0.911120670305031,0.838423288638094,0.828264657832259,0.794534659944045,0.874016469377602,0.831637117758647,0.811224369859797,0.850833092885319,0.83332849362207,0.780421727314294,0.802355573920334,0.808902806979598,0.855010379079268
"165",0.162599927173396,0.0725543093187209,0.0714614061489992,11,175,0.752432445538837,0.91126428884216,0.838483617272224,0.828048801331006,0.794293572105673,0.874116798373864,0.831512564044555,0.810995585861615,0.850771042711712,0.833249875018263,0.780087292690134,0.802034641408826,0.808758564073926,0.854906735925148
"166",0.16277944921494,0.0724987107959889,0.0715940789319661,11,171,0.751602622060514,0.911963128141808,0.836929802255184,0.827909341856879,0.793119558361527,0.873641299676099,0.830905307375632,0.810327767990775,0.850467984955241,0.83240735326251,0.779031828884131,0.801649668925669,0.807462045237106,0.855029204031826
"167",0.162744125533261,0.0725388859360576,0.0716095571871895,11,167,0.751765757729367,0.911458043924732,0.836748901638113,0.827769863566924,0.793119897663141,0.873304939378704,0.830752119006188,0.810259680275917,0.850232621417122,0.832247273440264,0.779088410069289,0.801617618948306,0.80740409424554,0.854775307868813
"168",0.163147678112827,0.0724928393239738,0.0717056752349368,11,177,0.749906233804351,0.912036991519704,0.835627279526381,0.827007995971497,0.791607292825049,0.87299655786895,0.829871166515621,0.809114059225068,0.849691199091302,0.831306466846148,0.777455449972491,0.800464593883255,0.806016738420159,0.854431577145488
"169",0.163157659174239,0.0724501472372101,0.0717445067998078,11,173,0.749860358788672,0.912574419859858,0.835174998001839,0.827226318426509,0.791368829088553,0.873017376277807,0.829867436906422,0.809098957485684,0.849813479594588,0.831191156617374,0.77728345779556,0.800589138678617,0.805709445340732,0.854749769684521
"170",0.163259194544022,0.072417056823036,0.0717970092673856,11,170,0.74939400006978,0.91299141368483,0.834564265762407,0.827157958028959,0.790833391704592,0.872897478979784,0.829619395320417,0.808791773835198,0.849720010522022,0.830852859363179,0.776771714724584,0.800379037250444,0.805149623215541,0.854832842550511
"171",0.163613505656058,0.0723808018632469,0.0719261220875965,11,174,0.747771159580829,0.913448723719243,0.833066159888319,0.826468760058822,0.789267285770312,0.872332058635744,0.828662067521496,0.807653858423014,0.849090804837882,0.829760903037654,0.775185496265898,0.799356538681483,0.803604880880743,0.854500561764141
"172",0.163867092523665,0.0723214662917374,0.0720273221549489,11,169,0.746613972111858,0.914198155455706,0.831895682506023,0.826167728819105,0.788102112608847,0.872076543933256,0.828072651096619,0.806910486021584,0.848811815220401,0.829026758693844,0.774022702227645,0.79874997135499,0.802437626326697,0.854526623624466
"173",0.212601242330354,0.105702672184287,0.063496983254782,6,297,0.575469171800071,0.625491765889213,0.943654568324076,0.599959355693392,0.736915268466335,0.768276097721678,0.697727063791451,0.664920453640648,0.678921521667808,0.752432313772368,0.678608128961278,0.591682295579269,0.800232254408783,0.608352203832007
"174",0.212962545130803,0.105208311882272,0.0636307324970907,6,217,0.574492856348846,0.62843087110591,0.941671044348138,0.600856926530291,0.735515661293873,0.769269234205368,0.697933085908835,0.664785438814608,0.679868184090819,0.752203143778057,0.677365116589098,0.591937143269453,0.798658322903765,0.609911120233733
"175",0.213713190177356,0.104858824010904,0.0637624868426999,6,212,0.572475010765518,0.630525391710317,0.939725241127926,0.600799492682289,0.733463848823743,0.76975361367275,0.697407588969515,0.663825811696189,0.680049689791082,0.751389677950396,0.675312289770017,0.591205614130383,0.796622874603021,0.610549057349938
"176",0.21358546368508,0.104791328786429,0.0638292184227206,6,213,0.57281735721447,0.630931507877972,0.938742785887593,0.601172619907128,0.733299503420178,0.769598857463827,0.697453084480398,0.663957516447931,0.680192444400158,0.75122996479837,0.67534597681594,0.591568242572098,0.796226201348695,0.610932928641709
"177",0.213935414808645,0.104706421949223,0.063874400513642,6,200,0.571880354437563,0.631443132645878,0.938078758334102,0.600924223596195,0.732440313477116,0.769638479957338,0.697096509292582,0.66343132780024,0.680069412647061,0.750809063293727,0.674450196875803,0.591082633911426,0.795416496713165,0.610929676811994
"178",0.213851555279776,0.104769165011209,0.0638960048317016,6,211,0.57210461101138,0.631064980585506,0.937761578067301,0.600862035113532,0.73246004863174,0.769277903008318,0.696969844217063,0.663405935653446,0.679874904941672,0.750643277628459,0.674550461383504,0.591119099962736,0.795341125023106,0.610765555136917
"179",0.214126658694863,0.104782904734361,0.0638743710000567,6,194,0.571369588416643,0.630982231799852,0.938079191779739,0.60043655625028,0.73211332572861,0.769357720461803,0.696719422951352,0.663014030081888,0.679669405077682,0.750504523239049,0.674048657772817,0.590586874319934,0.795179866510554,0.610450509075134
"180",0.213792422656567,0.104641458952119,0.0639321871403591,6,201,0.572262848829068,0.631835142073191,0.93723085355462,0.601311714831104,0.732354011572044,0.769529329857583,0.697185964778195,0.663606092920962,0.680240399380611,0.750711590255238,0.674547536759332,0.591468509816766,0.795114308536901,0.611318730231534
"181",0.214021886793049,0.104627621634206,0.0639913485803637,6,199,0.571649295690111,0.631918704172691,0.93636436256571,0.601029019410649,0.731622873050049,0.7692243850958,0.696752581474136,0.663118826431336,0.679945716863404,0.750188079513362,0.673857511711482,0.591071725917765,0.794340077935035,0.611154055140821
"182",0.214239410820182,0.104584742705424,0.0640551156935659,6,197,0.571068882140472,0.632177785912642,0.935432208253604,0.600846953487468,0.730887286444072,0.768999000184744,0.696380629121012,0.66268499258897,0.679743118020265,0.749701002082318,0.673177776587923,0.590752281562394,0.793544059331864,0.611114121405287
"183",0.214382194107099,0.104624912178421,0.0640398395398824,6,193,0.570688537623582,0.631935068877364,0.935655347572447,0.600531514852202,0.730730991559687,0.768943058043746,0.696192227308259,0.662440177911025,0.679539946936231,0.749593572049044,0.672932341434223,0.590414369534786,0.793494009944233,0.610822024224856
"184",0.21440050856349,0.104583205402373,0.0640477805680845,6,202,0.57063978843728,0.632187078502551,0.935539339407345,0.600625591137672,0.730654481074441,0.769048686237832,0.696236156530883,0.662457379468842,0.679639847114079,0.749605808918317,0.672866207908928,0.590459215212873,0.793405827843887,0.610967009125972
"185",0.214293784293718,0.104559971010525,0.0640684998080656,6,203,0.570923982936549,0.632327557522974,0.935236793473805,0.600841882412966,0.730718218685473,0.769009751123423,0.696328215719785,0.662605546330869,0.679745001054752,0.749619527155388,0.67301702835225,0.59069898918184,0.793366427036982,0.611158939279009
"186",0.214574250415707,0.104621796712483,0.06404522806955,6,195,0.570177738524023,0.631953886869823,0.935576624976697,0.600271636900247,0.730373167802016,0.768922157710763,0.695971843023683,0.662134651702004,0.679383663520039,0.749399834614587,0.67251187743358,0.590067870691001,0.793212703217776,0.610651852040243
"187",0.214464572097424,0.104525108040865,0.0640649053699651,6,204,0.570469330439984,0.632538462030671,0.935289266052108,0.600702749213098,0.730447699272474,0.769159563356262,0.696233735843416,0.6624061753255,0.679732494656282,0.749553756195646,0.672672258276297,0.59045097851082,0.793185440320769,0.611132517422971
"188",0.214676953540544,0.10461038155871,0.0640465718669366,6,196,0.569904961057727,0.632022846094414,0.935556995113817,0.600160774702105,0.730190778404948,0.768956042134641,0.695881282254617,0.661990833205299,0.679335891852764,0.749322768215061,0.672292668401159,0.589901115547306,0.79307509649871,0.610598871569935
"189",0.214651060198569,0.104487567907696,0.0641031333247911,6,214,0.569973708652246,0.632765719479326,0.934731505550281,0.600549601481541,0.729912585733792,0.769068302317497,0.695976991555311,0.662079083251231,0.679605519745726,0.749234698309189,0.672148926285358,0.590179603805542,0.792640383667598,0.611101809540798
"190",0.214675204477656,0.104482313211953,0.0641616112237554,6,205,0.569909604349528,0.632797542964376,0.933879576593109,0.60053092954833,0.729538854349982,0.768737082163161,0.695751064208944,0.661899272053096,0.679448595943589,0.748881546185817,0.671894279005777,0.590145244748651,0.792128995046418,0.611099387063231
"191",0.215194553453797,0.103990386871556,0.064192955373254,6,2,0.568534188639598,0.63579099061745,0.933423581680705,0.601222849694735,0.728480074310827,0.770365045716941,0.696172036361531,0.661799717605703,0.680559378813601,0.749129885767709,0.670703614542278,0.590122962310993,0.791233574952585,0.612531519836988
"192",0.166617266866651,0.0723101792391466,0.0731379731832921,11,228,0.734290407880907,0.914340854627075,0.819262767550422,0.819384963912746,0.77561381611356,0.865497209149859,0.819344229766985,0.797199033320059,0.84212552477991,0.819323863453493,0.761587211401887,0.789977299596468,0.789898757148103,0.849887356800313
"193",0.166617266827953,0.0723101792391466,0.0731811951070654,11,227,0.73429040805145,0.914340854627075,0.818778898534105,0.819384964007899,0.775384737732517,0.865241583510807,0.819182892353736,0.797081297873205,0.842001154252855,0.819081875215045,0.761437247006108,0.789977299718786,0.789587709128316,0.849887356866111
"194",0.167152240953915,0.0719863220249655,0.0732338254778624,11,234,0.731940296757653,0.918454356659986,0.818190473216303,0.819910820987301,0.773864702496648,0.866874042005648,0.819336970189178,0.796555110182039,0.843065482316427,0.819050195420749,0.759629656042,0.789471211839609,0.788366505976847,0.851524088896919
"195",0.167150373104153,0.0722705743610399,0.0734508547856808,11,229,0.731948475946749,0.914841921048861,0.815772920519552,0.818301380815107,0.772724883702418,0.863888456774222,0.817457691149904,0.795186669483261,0.840786011449155,0.817036172572991,0.758886398153692,0.788440684460579,0.786815717537723,0.849292994440079
"196",0.167926549861407,0.0719120887014396,0.0735581532411926,11,219,0.728565321853447,0.91940245760703,0.814582961683405,0.818440436097409,0.770374517786774,0.865407174049612,0.817152585869509,0.794043862954521,0.841596236286137,0.816509420887282,0.756178115927463,0.787313232408468,0.784837441278364,0.850798284426385
"197",0.16788148186141,0.0718683997807091,0.0737010146072555,11,231,0.728760906152318,0.919961363902598,0.813003981593404,0.818799045665528,0.769730809004974,0.86483076481177,0.816862782452989,0.79388591865118,0.841500210867511,0.815896368573212,0.755824448113205,0.787613662178578,0.783893032053273,0.851219207305688
"198",0.168114346035577,0.0718392910704984,0.0737904306994636,11,233,0.727751460435291,0.92033412494113,0.812018818093278,0.818397521693671,0.768731344988821,0.864481710845064,0.816265739060167,0.793175786056971,0.841124063206555,0.815201930993888,0.754821198405877,0.78699244928321,0.782897833309872,0.851055819054391
"199",0.168397712396574,0.0718092456328961,0.0738408979631445,11,237,0.726526857795987,0.920719198496498,0.811463836112601,0.817879713769758,0.767821770377713,0.864367012787096,0.815735471216896,0.792455582214368,0.840802143795037,0.814665458954953,0.753802382354975,0.786218964769539,0.782101894165067,0.850815429505928
"200",0.168344424768719,0.0718007793665522,0.0738839851355495,11,236,0.726756832105369,0.920827763529235,0.81099061201481,0.818057374722079,0.767719328957581,0.864165881937492,0.815694971522706,0.792488775169992,0.84079561886476,0.814516329479703,0.753814854109141,0.786415776017982,0.781880278482471,0.850972079585897
"201",0.168384469762231,0.071784707543147,0.0738921290327997,11,235,0.726583995663461,0.921033926954685,0.810901230042716,0.818051655330116,0.767585731897651,0.864214987302712,0.815661201821653,0.792417048394753,0.840816567940998,0.814468595800766,0.753667645032258,0.786349764426826,0.781760846039283,0.851031616034287
"202",0.168422091327668,0.0717763377374901,0.0739024342839638,11,232,0.726421693752095,0.921141328296339,0.810788154730302,0.818007972996646,0.767446483237314,0.864205113277634,0.815594251671266,0.79232401335335,0.840789315444466,0.814390063164222,0.753520378453663,0.786263218161852,0.781629961809374,0.851034397170974
"203",0.168853059752114,0.0717128405045256,0.0740795586009711,11,240,0.724567627184991,0.921956941303781,0.808849559241123,0.817324998594325,0.765549610338198,0.863553394766564,0.814490030158576,0.791013801519008,0.840121287174481,0.813076235582968,0.751637666011684,0.785156379468425,0.77971904867239,0.850811597276307
"204",0.168818697565163,0.0717737781813705,0.0740932975273448,11,220,0.724715109238953,0.921174177520437,0.808699576382853,0.817061102176469,0.765556530792987,0.863106695105304,0.814264364817456,0.790889665394682,0.839768365442894,0.812869588069954,0.751693189988616,0.785040620238965,0.779675550670706,0.850387645529239
"205",0.168837873681675,0.0717203585138466,0.0741030041418429,11,239,0.724632798196592,0.92186029816058,0.808593646331519,0.817318914134774,0.765462916505557,0.863371519044915,0.814400080114003,0.790966067368733,0.840029685452056,0.812944574368975,0.751603452243238,0.785176022200539,0.779577947382247,0.850777645412905
"206",0.169315792091065,0.0716962013133483,0.0742168908743604,11,230,0.722587416900325,0.922170908257714,0.807352849428951,0.816302085344983,0.763795136143183,0.862854165222808,0.813308038516037,0.78961228613164,0.839255416675986,0.811815135728613,0.749804525209254,0.783785820086325,0.77804679804136,0.850167325641561
"207",0.169252647388522,0.0716783192778903,0.074246895112888,11,238,0.722856999493008,0.922400967961205,0.807026586526868,0.816556180571725,0.763783226346256,0.862787404047376,0.813367211271477,0.789729013073502,0.839353553214805,0.811777399977491,0.749889963777693,0.784045940372118,0.777933890339191,0.850414448563343
"208",0.169548109439983,0.0716330427729025,0.0743667226246325,11,223,0.721597316841938,0.922983982313381,0.805726220121544,0.816102178115843,0.762502379372617,0.862364421403208,0.812628763212551,0.78884716683557,0.838914466818141,0.810897603403929,0.748616000726397,0.783299761898987,0.77664634202949,0.850278268323171
"209",0.169635195554293,0.0716756562232597,0.0743515747392585,11,218,0.721226868326138,0.922435239069395,0.805890373314909,0.815650095756564,0.762384279848485,0.86219584734123,0.812383792360078,0.788567568989314,0.838600098643439,0.810755548956403,0.748410584477891,0.78287644589035,0.776618880351049,0.849795752829268
"210",0.169608729976132,0.0716324673476241,0.0744252502225796,11,222,0.721339407852013,0.922991396665205,0.805092601556263,0.815959599197768,0.762066283516487,0.862028737778062,0.812321065790909,0.788552661057108,0.838677902042462,0.810507887983168,0.748241372376147,0.783115206156716,0.77614663117116,0.85018150878524
"211",0.16966638215106,0.0716317769358711,0.0744204903977834,11,221,0.721094298684265,0.923000292774382,0.805144094091553,0.81582488856587,0.761961164278552,0.862060458768449,0.812248972721582,0.788433181657818,0.83862409797943,0.810466896820413,0.748087810704993,0.782940311231266,0.776091800401863,0.850090663689071
"212",0.24804451149607,0.124188913319794,0.0628898730910156,5,294,0.493239943547202,0.532383683183579,0.952764179321144,0.512438189286201,0.685522683812984,0.712205098965439,0.630119324676934,0.592695539723172,0.604120096764086,0.698736538953045,0.614281307289485,0.505957150972176,0.765026290797895,0.519002246206736
"213",0.248075959648616,0.124144882227012,0.062969063877925,5,300,0.493177416388149,0.532572506395052,0.95156596959,0.512496568518534,0.685048061383491,0.711883328520049,0.629902901217756,0.592524076075659,0.604018015502913,0.698336805656044,0.613971796075242,0.50597419520538,0.764352449746353,0.519103019940886
"214",0.248540795424718,0.124115825028252,0.0630061457536696,5,296,0.4922550466552,0.532697188845247,0.951005931348888,0.5120770250149,0.684205721333517,0.711757111804799,0.629435552035466,0.591917249519425,0.603717205607228,0.69784546147171,0.613085709736007,0.505382562524703,0.763575894318427,0.518860164541774
"215",0.248225998710907,0.124033975604133,0.0631009043181288,5,302,0.492879317568998,0.533048713158843,0.949577806699637,0.512570664370058,0.684125179586882,0.711457115998876,0.629524567298261,0.592167626448064,0.603880821535466,0.697657313622595,0.613296634662685,0.505920987636823,0.76313358804292,0.519307742499435
"216",0.248233464853058,0.124031301899265,0.063105153230908,5,298,0.492864493189657,0.533060203927037,0.949513870981694,0.512568480544868,0.684091859912061,0.711440832182868,0.629508650173695,0.592151944342191,0.60387262427564,0.697632340208912,0.613270572553452,0.505914478391708,0.763091682109292,0.519309998961241
"217",0.248702117842125,0.124060407031855,0.0630893745679084,5,299,0.491935741878883,0.532935145592271,0.949751344557653,0.512025239827359,0.683532466153171,0.711446323406262,0.629116224438128,0.591596040311177,0.60355486442111,0.697349740068417,0.612550958966836,0.505239200211207,0.762739206340432,0.518902425050686
"218",0.248917472782897,0.122730186588385,0.0631017703333793,5,210,0.491510135787951,0.538711403621505,0.949564774595184,0.514569835051107,0.683169606540523,0.71522120532861,0.631157500376048,0.592906798535391,0.606655798332956,0.699011723387945,0.612157512985372,0.506765500925622,0.762419314311162,0.522494358161499
"219",0.249018823430121,0.122820282681052,0.0630932497668889,5,190,0.491310091190143,0.538316226282049,0.949693010655757,0.51427637922013,0.68307668652057,0.715007103197335,0.630945914151808,0.592697397559229,0.606392005347201,0.698859558774656,0.612018951001582,0.506504078199977,0.762384496271449,0.52216794613714
"220",0.24955342884677,0.121611439075394,0.0630267763107513,5,97,0.490257582966881,0.54366720422385,0.950694638541289,0.516272185461454,0.682704369131196,0.718930800707791,0.63279955740425,0.593684492534078,0.609232283843334,0.7005834702205,0.61135935395252,0.507450780804792,0.762375275061257,0.525246939335539
"221",0.248701805133893,0.124028420407236,0.0631468228966053,5,295,0.491936360420257,0.533072588255754,0.948887300652993,0.512091582538067,0.683221900360516,0.711214320245386,0.628979710451093,0.591499944362028,0.603495539982024,0.697077613642603,0.612365658200269,0.505283053342461,0.762276850246842,0.518991854509332
"222",0.248794482407753,0.124022342479423,0.0631365500312614,5,303,0.491753111497871,0.533098712393115,0.949041692862598,0.512008740701585,0.683150207060196,0.71128960661072,0.62894598257645,0.591421065930964,0.603478662220033,0.697077931106615,0.612246778126834,0.505165817029392,0.762264861293738,0.518944357906881
"223",0.2490492755279,0.122501119636788,0.0631761225549763,5,198,0.491250017042548,0.539718749345236,0.948447228160138,0.51491440532775,0.682586783491758,0.715468204606288,0.631191417692065,0.59285223091951,0.606963660449091,0.698834129441908,0.611701355463416,0.50690225210214,0.761686585841628,0.523053199536004
"224",0.249895596302862,0.121519213392943,0.0630953511296726,5,102,0.489586301869993,0.544079814522547,0.949661381549765,0.516114351974643,0.681865972036806,0.718812623938132,0.632441290984452,0.593229141471772,0.609089083464005,0.700095613851352,0.610579798608419,0.5071156849746,0.76147492085613,0.525272698531396
"225",0.24881229270524,0.123997454537037,0.0632393360168659,5,301,0.4917179111904,0.533205712412507,0.947499168985455,0.512041794331544,0.682570371630771,0.710782645686533,0.628632099090306,0.591189104980266,0.603283035794191,0.696533685197607,0.611885691934118,0.5051755037691,0.761420504466269,0.519001410769325
"226",0.24890490062762,0.123922389925972,0.0632624806118258,5,304,0.491534961903193,0.533528695849508,0.947152526168435,0.512101559447585,0.682318533286847,0.710867816163605,0.628604336713098,0.591114527766137,0.60335438775108,0.696446900837081,0.611659299693096,0.505152147369438,0.761140362126941,0.519146575055249
"227",0.173039926434988,0.0716091272959943,0.0760529515427542,11,226,0.707036019767848,0.923292233551026,0.787861839779986,0.807960930919611,0.746355611839969,0.852893145581604,0.801204898536257,0.776547599918574,0.830123087185911,0.797848096760702,0.733011938827545,0.772812409284446,0.759942191686555,0.844708053403178
"228",0.17302848580682,0.0716186629788819,0.0760784529518557,11,225,0.707082768926901,0.923169301600253,0.787597749406008,0.807933849992572,0.746255182528467,0.852693417507767,0.801097466461322,0.776482338947342,0.830011973209046,0.797700997820036,0.732962335247492,0.772812172639857,0.759789106028967,0.844651687788588
"229",0.250321533243628,0.121428791005282,0.0632735612772638,5,104,0.488753241729472,0.544484965520923,0.946986657833393,0.515867029350889,0.680325509510432,0.71806684768146,0.631645104481703,0.592416660453415,0.608627153180658,0.698941481106565,0.60931385571889,0.506665964577068,0.759613119817456,0.525235185658168
"230",0.250254653409482,0.121501958205184,0.0633401386718442,5,99,0.488883859623284,0.544157082407724,0.945991271563281,0.515780587739432,0.680058721002676,0.71747324014004,0.631353178994435,0.59225086476601,0.608324559332224,0.698515521691022,0.609208811133505,0.50665448905431,0.759148350384652,0.525071070001547
"231",0.250309984758378,0.12139640942259,0.0633365804847815,5,100,0.488775791207905,0.544630202806106,0.946044416426457,0.515947728255757,0.680002653051194,0.717805239867978,0.631501391710403,0.592322398740459,0.608563869154226,0.698648314593454,0.609130436580207,0.506726595563088,0.759120839130448,0.525336662064216
"232",0.173370466433733,0.0715787437380227,0.0761895789258149,11,224,0.705688018058593,0.923684150224019,0.786449002185918,0.80736165210129,0.744974924179827,0.852308910125095,0.800329699767351,0.775541221057822,0.829530909477909,0.796836724616928,0.731642094426004,0.77193901762219,0.758550720201719,0.844409755697503
"233",0.25060555394663,0.1213813011773,0.0634106885682677,5,95,0.488199319291903,0.544697992544862,0.944938774141581,0.515675468856206,0.67920428908278,0.717430312541031,0.631033193805425,0.591818376042776,0.608244369305011,0.698055689322756,0.608414192564342,0.506349094796675,0.758230941924747,0.525173624111738
"234",0.250661303311876,0.121358208029983,0.0634185518225293,5,93,0.488090739300478,0.544801642649697,0.94482161136146,0.515667176125265,0.679086650433127,0.717454086252672,0.631000347204824,0.591762363937768,0.608249556232841,0.698006799589293,0.608298834937033,0.506306125011635,0.758112053336778,0.525201302921024
"235",0.250632701860406,0.121380685006891,0.0634255440928399,5,94,0.488146438750268,0.544700757620578,0.944717450676732,0.515648848555932,0.679087961292997,0.717348110139698,0.630962207743934,0.591752418929512,0.608193823552417,0.697955919562369,0.608322755976134,0.506313386554114,0.758085168839502,0.525156438834626
"236",0.250798577214669,0.121263440139729,0.0634373001724109,5,105,0.487823584193599,0.545227407432726,0.944542377439187,0.515727435855818,0.678800447838043,0.717628310242504,0.630987331240181,0.59167221873373,0.608358946953943,0.697944423556683,0.608016937700071,0.506253168983556,0.757824362143709,0.525379008744646
"237",0.250745024175282,0.121354815241264,0.063448282979242,5,98,0.487927771447979,0.544816873993122,0.944378878507647,0.515588288438283,0.678814173093622,0.717295997795656,0.630837425939491,0.591598375313007,0.60813601752165,0.697789860636441,0.608068417066799,0.506198136172597,0.757790848298832,0.525152631308936
"238",0.250957646176682,0.121331997490138,0.0634262534082596,5,101,0.487514378268356,0.544919332504454,0.944706885609131,0.515418286047669,0.678644376668348,0.717488010714109,0.630771760556397,0.591426852162031,0.608117127486159,0.697795961437217,0.607795265610326,0.505943892748321,0.757752184069901,0.525070098483165
"239",0.250970152045375,0.121323488853165,0.0634290732665463,5,103,0.487490085376349,0.544957548688506,0.944664886894618,0.515423517058201,0.678612383002474,0.717497220269316,0.630766680793778,0.591415912168739,0.608124116238366,0.697783991249879,0.607766067715235,0.505938912036776,0.757717139582179,0.525085925625217
"240",0.251064377184362,0.121256085170579,0.0634886952304576,5,96,0.487307129030393,0.54526047901636,0.943777756113457,0.51546999777213,0.678166372488636,0.717359541222816,0.630607077952924,0.591248186902802,0.608093184566264,0.697487718774452,0.607423731893414,0.50590602337119,0.757147942410483,0.525214775725738
"241",0.312612582572091,0.15661261840082,0.0622095875946617,4,266,0.391364480088709,0.422163627419515,0.963183017923015,0.406472445016144,0.613967117229999,0.637668281095474,0.541905649751206,0.499560522159218,0.509111564714571,0.625705486865184,0.528393188158103,0.401372742164414,0.713399849747731,0.411636942923551
"242",0.3130119134328,0.156670795798356,0.0621826119692748,4,267,0.390865189461171,0.422006863160723,0.96360085923665,0.406137652186091,0.613708426217597,0.637688149447233,0.541686354443317,0.499249536154853,0.508909783599601,0.625583400207257,0.528020019395622,0.400981651794874,0.713302561599055,0.41135995072316
"243",0.312720401957263,0.156467785454978,0.0622222305342667,4,263,0.391229545887559,0.422554399242663,0.962987308694664,0.406590415195068,0.613798898236301,0.637898521477972,0.541973783043651,0.499564559271545,0.509277355377253,0.625732698258405,0.528235946361489,0.401404255964865,0.713221222582748,0.411843579812387
"244",0.313295215978714,0.15644298376367,0.0622661857327173,4,262,0.390511742942884,0.422621388912119,0.962307512786805,0.406249449463029,0.613019073166086,0.637723872545576,0.541543252609175,0.499037735030187,0.508994078679773,0.625249468039579,0.527465457646668,0.400934310274837,0.712449277232365,0.411635050828855
"245",0.313320512690945,0.156437379917827,0.0622705519933647,4,265,0.390480214004357,0.422636527909682,0.96224003810914,0.40624032525616,0.612972834638222,0.637712935984622,0.541522486668496,0.499013310159781,0.50898399830884,0.625220525939414,0.527424738613646,0.400917516759452,0.712396799953016,0.411633802379477
"246",0.313322045930376,0.156188000363496,0.0623423494700276,4,247,0.390478303191923,0.423311335889353,0.961131860325217,0.406563515529838,0.612618264471022,0.637854224537305,0.541601584983208,0.499067365473967,0.509242826089327,0.625108908928319,0.527220468730847,0.401129471356439,0.71184857231915,0.412071173930529
"247",0.313222927708318,0.155929067096354,0.0623608204403975,4,244,0.390601868588134,0.424014279793663,0.960847177763501,0.406965317927039,0.612624438838395,0.638289059965126,0.54190485186472,0.499316432256882,0.509668039235401,0.62532509719171,0.527279617995897,0.401436051216724,0.711783065858956,0.412570743194269
"248",0.3136454938187,0.156408818248018,0.0623386130865541,4,268,0.390075621230623,0.422713705175611,0.961189467593344,0.406066880143006,0.612320650224868,0.63742290610093,0.541171246493163,0.498641289991061,0.508759600216146,0.624745714936843,0.526868467108633,0.400664916096498,0.711632223407476,0.411541676160539
"249",0.313638643970368,0.156148522714491,0.0623505621647713,4,245,0.390084140457749,0.423418357947887,0.961005261906482,0.406409628594271,0.612268659630855,0.637892835808431,0.541441135265949,0.498830510855629,0.509161850970642,0.62494943120908,0.526842478655785,0.400893262057327,0.711546480691222,0.412001901370231
"250",0.313682886733083,0.155599449425822,0.0624015442575647,4,248,0.390029121836093,0.424912500190287,0.960220120128015,0.407097346228634,0.611975334652367,0.638756238307394,0.541904114083475,0.499132782628389,0.50993722113798,0.625222410586389,0.526649436757244,0.401326520041011,0.711125435790615,0.412951153313916
"251",0.313804462870732,0.155760612643524,0.0623950168784467,4,256,0.389878014252186,0.424472849468515,0.960320572392864,0.40680785594031,0.611888778954193,0.638459090127812,0.541666069225473,0.498919995831285,0.509637296084673,0.625032761597752,0.526531762251164,0.401084429464441,0.711083176082841,0.412612955022288
"252",0.313966173625079,0.155817073465422,0.0623886391164171,4,287,0.389677204505519,0.424319040354911,0.960418742447055,0.406629385883468,0.611762446306958,0.638376032706433,0.541526086792341,0.498759047886218,0.509492349444171,0.624927582550345,0.526368885534543,0.400898262544062,0.71100952392239,0.412442439672068
"253",0.313993852889095,0.155741322179908,0.0623894863148969,4,251,0.389642853583915,0.424525425611725,0.960405700741686,0.406710337038879,0.611731328145985,0.638526928850531,0.541595503699587,0.49879600504364,0.509603279464722,0.624985540826915,0.52633556892178,0.400939685649644,0.710982194499691,0.412564044355596
"254",0.314166470168306,0.15553275859133,0.0624931303354058,4,253,0.389428766163276,0.425094698265345,0.958812880737146,0.406871114541231,0.611055903438403,0.638424836789644,0.541438572868749,0.498619089565353,0.509663246561301,0.624590478171106,0.525851728350167,0.400971878607338,0.710065778995179,0.412857142059423
"255",0.314195350561543,0.155496798019548,0.0625605969075248,4,249,0.389392970420645,0.425193006710315,0.957778878161013,0.406899456727353,0.610698258040147,0.638154276777108,0.541269004879687,0.498490510863423,0.509572986459096,0.624275344049923,0.525630418154831,0.400978212689062,0.709533446870292,0.412908139758216
"256",0.314243862903803,0.155486964714542,0.0625670022531647,4,254,0.389332856708701,0.425219896762026,0.957680824801568,0.40688091271985,0.610619858287576,0.638141787891292,0.54123408856954,0.49844715393401,0.509556388539959,0.624229163120052,0.525558383536885,0.400945395319948,0.709448508509943,0.412904298361204
"257",0.314473251095472,0.155504461087477,0.0625572242821678,4,257,0.389048863206402,0.42517205372369,0.95783051455262,0.406709606683114,0.610444815549367,0.638155754492237,0.541110353116151,0.498270780634214,0.509454684846556,0.624146514724532,0.525330145852488,0.400735365010191,0.709349874118471,0.412772913526427
"258",0.315585603001122,0.154391423324007,0.0625180219670349,4,91,0.387677573641026,0.428237201654696,0.958431128143612,0.407453014813138,0.609559065440542,0.640652686168546,0.541882751294352,0.498364002432387,0.510916694214927,0.624912515999537,0.524204513419213,0.400751586149961,0.708811627426039,0.414266505780446
"259",0.314678055162492,0.155480282825145,0.062651974663308,4,252,0.388795655878638,0.425238170926879,0.956381959949044,0.4066088459074,0.60978451225731,0.637722600631493,0.54074810592977,0.497939531249681,0.509218666833648,0.623597117521833,0.524837342389151,0.400582232874369,0.708480745093742,0.41272612712706
"260",0.314977812689063,0.155432960829681,0.0627006757989595,4,250,0.38842564751788,0.4253676358659,0.955639114884417,0.406477181886465,0.60925753338994,0.637571918327153,0.540491356435837,0.497643733222314,0.509076061715308,0.623253956520689,0.524368471790281,0.400368665157604,0.70788913132987,0.412678897658793
"261",0.314991607887353,0.155414167893487,0.0627075600601276,4,255,0.388408636242994,0.425419072018394,0.955534201390047,0.406492855526914,0.609210748465133,0.637575464739031,0.540485470211816,0.497634219845541,0.509087292392639,0.623231759521825,0.524333972550727,0.40037311214622,0.707826987139463,0.412706139802113
"262",0.315994565553374,0.15421895931047,0.062632438966139,4,90,0.387175838398556,0.428716101958999,0.956680265246681,0.407416882579669,0.608607824281151,0.640425041779019,0.541520563076493,0.497952911912584,0.510803263544354,0.624313776311475,0.523433004811003,0.40055494417075,0.707642583428568,0.414396373397848
"263",0.315076845712792,0.155397669785794,0.0627288870917413,4,259,0.388303559948162,0.425464237494008,0.955209331795417,0.406459442072088,0.609024781131166,0.637500909802879,0.540394595093861,0.49753781036887,0.509036603908724,0.623100194241358,0.524179984478267,0.400315065941614,0.707602722376065,0.412698127313672
"264",0.315278317345732,0.155338744870467,0.0627565922629406,4,47,0.388055423149673,0.425625629580635,0.954787635251449,0.406406611400774,0.608695753078315,0.637481049420062,0.540268240374665,0.497371067094378,0.508995592443605,0.622922151998064,0.523879535159266,0.400195095556046,0.707243736297003,0.412714537545172
"265",0.315021298623049,0.155300592262766,0.0627823212210274,4,290,0.388372028755783,0.425730192785685,0.954396351677165,0.406622304694132,0.608819223857114,0.637428696242547,0.540385543136155,0.497553490538326,0.509109738213993,0.622959745176717,0.524092831266209,0.400445526398513,0.707242734922478,0.412894358345818
"266",0.315230530453885,0.155326792911105,0.0627696288867644,4,291,0.388114249820142,0.425658380274402,0.954589335413563,0.406453051335399,0.608678670400354,0.637439369932039,0.540271988885183,0.497392503830725,0.509008032304198,0.622893047120509,0.523896203945754,0.400245804580636,0.707181539033837,0.412756563714519
"267",0.315403781395198,0.155324049919791,0.0627765718822871,4,258,0.387901059100547,0.425665897315326,0.954483759252216,0.406344991837724,0.608477823020861,0.637409747223087,0.5401563119689,0.497244322269091,0.508928539711275,0.622775798632687,0.523685028296236,0.400101576656221,0.706999897080823,0.412685832861569
"268",0.315266973721063,0.155162610865953,0.0628077085392403,4,292,0.388069385776392,0.426108781714667,0.954010577948991,0.406644529280719,0.608458954251514,0.637583159370407,0.540332411695844,0.497419847853144,0.509185333370368,0.622850850845445,0.52374993917277,0.400356069640924,0.706868433423762,0.413031762806163
"269",0.315156103132466,0.1552867612471,0.0628630351153153,4,48,0.38820590695047,0.42576811154269,0.953170940812152,0.406553435469458,0.60829810911823,0.637047715204253,0.54009317351585,0.497298387340631,0.508914469409407,0.622506964279787,0.523719033126767,0.400343212677795,0.706536455907741,0.412859992770864
"270",0.31652361454928,0.154069453880095,0.062818141100201,4,92,0.386528698725153,0.429132118136885,0.953852140062462,0.407273715337264,0.607199494791082,0.639787925217728,0.540859681134524,0.497289044917012,0.510459406154244,0.623280759341759,0.522333863528878,0.400237861909695,0.70585357798492,0.41443325329887
"271",0.316788269686386,0.154063969839872,0.0628559171494565,4,89,0.386205780184458,0.429147393465694,0.953278880343097,0.407110800529223,0.606763391872213,0.639607025246858,0.540607093546888,0.497010996052324,0.510285143887575,0.622968801870591,0.521938304071492,0.400019662683982,0.705374200062242,0.414327642785099
"272",0.316807980900391,0.154039720649938,0.0628596644351586,4,88,0.386181751166117,0.429214950564669,0.953222052035939,0.407130177259979,0.606726430366602,0.639638300871483,0.540613504081435,0.49700768519558,0.510309763590781,0.622965057618413,0.521906283179637,0.400024058799002,0.705331537805409,0.414362530427272
"273",0.187407317334128,0.0715639156933276,0.0823620646908613,11,243,0.652831824220533,0.923875537597544,0.727509910637548,0.77661789353744,0.689160084523202,0.819834501468318,0.759890881405098,0.73158325100599,0.797933671165494,0.751662965914208,0.67683142738385,0.732946092993547,0.701713311297932,0.822891831102018
"274",0.188150136962502,0.0715249767266747,0.0826144455405639,11,241,0.650254434159133,0.92437850537742,0.725287423175308,0.775294280878596,0.686746942446485,0.818804069484167,0.758253521176397,0.729678680577706,0.796752227628637,0.749874116889622,0.674360717101125,0.731148333315197,0.699360670038663,0.822105713128849
"275",0.188074201299336,0.07151129791579,0.0826443834289069,11,242,0.650516976822314,0.924555322176016,0.72502468815339,0.775524940338428,0.686761143527416,0.81873404359488,0.758312318593824,0.729794762149503,0.796836664763839,0.7498498036434,0.674460761295897,0.731391750694235,0.699285852230871,0.822321187675466
"276",0.463066851694353,0.233628299445778,0.0615953525961931,3,264,0.264206907490474,0.282997185018261,0.972787975027774,0.273440690245955,0.506968739199971,0.524686819495663,0.41742791850274,0.372324968246774,0.378775297618322,0.515751699322997,0.407976839868098,0.27032745163537,0.62998012977674,0.276589782613114
"277",0.463131306897677,0.232306791548288,0.0616698266559803,3,286,0.264170137119548,0.284607051920887,0.971613211391471,0.274198256615776,0.506627274512979,0.525859269863632,0.418030140989062,0.372714790993678,0.379723182096976,0.516153706436753,0.407774707518555,0.270813951010338,0.629443637743938,0.277624855184293
"278",0.464273322900119,0.232229554818298,0.061814474848369,3,246,0.263520333417554,0.284701708770398,0.969339599991011,0.273906351185442,0.505411411213152,0.52533098185454,0.417407312758165,0.372069073550704,0.379330320966361,0.515274948831295,0.406787943400235,0.27039964191056,0.627945588675285,0.27745853762831
"279",0.464695785678453,0.232251513893242,0.0618081835068015,3,261,0.263280762636768,0.284674790598564,0.969438267289941,0.273768873271327,0.50520733005506,0.525332880885062,0.417281789354965,0.371900580152262,0.37923579853738,0.515171837489274,0.406555154072429,0.270227216738808,0.627797836983986,0.277356947522778
"280",0.464461010779458,0.23216992764626,0.0618332346043724,3,271,0.263413845313291,0.284774827446621,0.969045509369736,0.273886166766676,0.505232623557366,0.525318729647715,0.417344591430575,0.371989551723698,0.379311920711639,0.515177794536738,0.40663721590606,0.270349931952192,0.627733994631786,0.277468656287321
"281",0.464469750206495,0.232122631527324,0.0618957662123278,3,269,0.263408888938671,0.28483285170742,0.968066509066629,0.273911491181887,0.504972596852521,0.525106793347691,0.417229717086665,0.371911006841507,0.379252929844457,0.514941298656151,0.406495132460648,0.270364900914611,0.627307200527586,0.277504604879095
"282",0.464533465797167,0.232098597145238,0.0619029659844198,3,272,0.263372759673112,0.284862346851607,0.967953915782537,0.273906886399862,0.504908599685173,0.525103441327532,0.417208864905941,0.371884313269974,0.37924853150919,0.514907023889313,0.406442202958846,0.270349509254801,0.627229879624126,0.277511073070072
"283",0.464876735837055,0.23213425675494,0.0618926589152729,3,273,0.263178282361711,0.284818587346873,0.968115110472116,0.273784708489424,0.50476417454339,0.525106825468713,0.417107941182321,0.371748184102178,0.379165160763431,0.514835035040172,0.406264646862806,0.270202569599572,0.627145073709824,0.277414336635375
"284",0.464864689474131,0.232070891808128,0.0619200681400245,3,288,0.263185102284099,0.284896354595052,0.967686569524966,0.273825631058281,0.504658982659951,0.525062259211471,0.417087943349007,0.371737224926548,0.379177405014418,0.514759541501463,0.406211710476516,0.270231827888475,0.626965403042216,0.277467228084659
"285",0.464854891105258,0.231900629268163,0.0619256100637819,3,281,0.263190649788844,0.285105526847465,0.967599968114275,0.273929021590219,0.504641718790332,0.525231471531182,0.417180479874539,0.37180103857015,0.379310088324747,0.514833674652572,0.40620530036874,0.270301745146433,0.626932401208171,0.277604973762653
"286",0.464852655824318,0.231927455658377,0.0619378311905545,3,278,0.263191915362,0.285072549500761,0.967409048257247,0.273913837401899,0.504593143383216,0.525149277631416,0.417137624075436,0.371772839554994,0.379269895779847,0.51476861282081,0.406179884203541,0.270292189543666,0.626850935389417,0.277584011757442
"287",0.464937487866051,0.231896536802646,0.0619367493008941,3,276,0.263143893621163,0.285110558335013,0.967425946623057,0.273907105480634,0.504551514103893,0.525188872492057,0.417133218197723,0.371752935151921,0.379279532660197,0.514766782928331,0.406132839944931,0.270271321103112,0.626820107477764,0.277591799701738
"288",0.464680630190611,0.232059551299649,0.0619784067859318,3,275,0.263289349498664,0.284910277183055,0.96677571158175,0.273886548674831,0.504521306005472,0.52482791080563,0.417018875245035,0.37172785641482,0.379134943178251,0.514574448440436,0.406191444141678,0.270307585192841,0.626654627724467,0.277512898838909
"289",0.464975819810101,0.231827242193134,0.0620023459991242,3,277,0.263122200413522,0.285195779660257,0.966402437804833,0.273936746517982,0.504263756302393,0.524989425336666,0.417016143712832,0.371667018698746,0.379228025247437,0.514522244066573,0.405967250678333,0.27028339147638,0.626360711351268,0.277639483073508
"290",0.465031912293933,0.231809176844681,0.062007888111789,3,282,0.263090462424403,0.285218005532447,0.966316063129725,0.27393089816101,0.504210808984622,0.524986419100367,0.416997784204648,0.37164353857917,0.379222891327114,0.514493758057896,0.405922510474641,0.270268677014417,0.62629820553598,0.277642743495927
"291",0.465449069984175,0.231823937093076,0.062007073662695,3,284,0.262854668184587,0.285199845679495,0.966328755475865,0.273799398834948,0.503988119282422,0.52497315353966,0.416866146685765,0.371472265558929,0.379127068202266,0.514373631056468,0.405681712299154,0.270101435047366,0.626116526027991,0.277547991513754
"292",0.465692369305653,0.231738316842239,0.0620586168812204,3,289,0.262717340698393,0.285305218337148,0.965526164365816,0.273778429115425,0.503647164468248,0.524852029751832,0.41672942537663,0.371332370682324,0.379068811989986,0.514140288783047,0.405428096110547,0.270040600234734,0.625660798327458,0.277567996011545
"293",0.466111717414221,0.231729045318181,0.0621375633309994,3,279,0.262480981010803,0.285316633454283,0.964299452876675,0.27366072032314,0.503100652334352,0.524529001616287,0.416433459941631,0.371051057016228,0.378870669770953,0.513703107720248,0.405013221177153,0.269882209705425,0.624943219491938,0.277492132325143
"294",0.466131176148778,0.231703628254446,0.0621460873601647,3,283,0.262470023692355,0.28534793167396,0.964167188449264,0.273670017332971,0.503055647812118,0.524521794601421,0.416423850684071,0.37104076306545,0.378874502467627,0.513676601739647,0.404983431837641,0.269884566534386,0.624877377445713,0.27750856356392
"295",0.46628698697413,0.231685259576354,0.0621702186732211,3,285,0.262382318754915,0.285370554884046,0.963792947844041,0.273635136440576,0.502873968758529,0.524440776751374,0.416334585541842,0.370950113969054,0.37882109695919,0.513544170236377,0.404840816319728,0.269831572135904,0.624646078806534,0.277492316047954
"296",0.466742695670426,0.2315801898506,0.0621730547699711,3,293,0.262126139267758,0.285500029715028,0.963748983299317,0.273563558519826,0.502616951778864,0.524547770341065,0.41625564920527,0.370806798617574,0.378810182899223,0.513465287425767,0.404571108102201,0.26969668394365,0.624423729614573,0.277485875820656
"297",1.03120062528081,0.52279101482164,0.0610224922650051,2,260,0.118643703124403,0.126467649996462,0.981920208420176,0.12249322561277,0.341318985261082,0.352393446651517,0.245150874474293,0.20447313629792,0.207763832187285,0.346812014820351,0.23998744847183,0.12119636988111,0.485436427786055,0.123803958284725
"298",1.03217433103632,0.522452320290525,0.0611307951197498,2,270,0.118531780115747,0.126549636236647,0.980180581747644,0.122475114436077,0.340855613404616,0.352195252759587,0.244981863641338,0.20431918719961,0.207690042817592,0.346479045423476,0.239694776191619,0.121146304708231,0.484710393089907,0.123818499394237
"299",1.033234963585,0.521774118239685,0.0612323964496824,2,280,0.11841010530946,0.126714125466428,0.978554193488261,0.122491766828125,0.340397862951515,0.352131564687648,0.244868484540639,0.204195826738573,0.207685381080475,0.346215008480927,0.23939815866926,0.121115814768996,0.484008338852929,0.123883350570637
"300",1.03469784094193,0.520801996458894,0.0613457065984835,2,107,0.118242694636474,0.126950648294945,0.976746730058101,0.122519332108209,0.339842853889021,0.35213439281167,0.24475434053645,0.20405224693747,0.207709582397191,0.345934035627597,0.239025114112086,0.121076870338537,0.483184228437502,0.123978978794795
"301",1.03768076007559,0.520245091797337,0.0615745279299974,2,274,0.11790279395621,0.127086544642528,0.973116974462121,0.122408572770025,0.33872291055566,0.351667561508567,0.244303434375227,0.203623643140052,0.207478009181163,0.345134553445745,0.238270941320403,0.120887831836799,0.48152414012171,0.123948444272067
"302",1.03866018845939,0.519063414270687,0.0615488453036362,2,106,0.117791614819651,0.127375864424302,0.973523029190484,0.122490035348135,0.338633798774525,0.352141075962607,0.244445801908268,0.20366459187096,0.207686718020653,0.345321401389729,0.238154244922045,0.120903432781912,0.481506637473547,0.124097458726847
"303",1.03889026507367,0.519130962694403,0.0615429038635367,2,108,0.117765528237806,0.127359290496951,0.973617014498298,0.122468502568479,0.33861264302106,0.352135161809017,0.244425018517074,0.203640328377127,0.207666718490131,0.345307714713703,0.238126744462873,0.120880338263251,0.481502076855481,0.124077532681139
"304",1.03871914419091,0.518834970837879,0.0615907638350533,2,109,0.117784929190665,0.127431948114418,0.972860451668411,0.122513521642655,0.338508935498256,0.352098711442656,0.244421571583267,0.203646560971202,0.207694133534582,0.345236962101048,0.238091194087633,0.120916599254863,0.481279031974556,0.124131534278835
